uid,body,title,url,newspaper_uid,host,n_tokens_body,n_tokens_title
208ea756f2b73acb8d8fb630cbc39799," La cantante Ariana Grande demostró que puede ser fashionista al usar un atuendo deportivo. Deslumbró a sus seguidores al lucir un conjunto compuesto por leggings grises y un crop top a juego.   Pero marcó tendencia al combinar su look deportivo con un cubrebocas cubierto de cristales brillantes. Maquilló su rostro con un delineado en tonos rosa pastel y púrpura, además de base, polvo compacto y amplias pestañas negras.                        Ver esta publicación en Instagram                                      greetings  Una publicación compartida por  Ariana Grande (@arianagrande) el 24 de Ago de 2020 a las 3:28 PDT     Peinó su cabellera en dos coletas altas, lució piercings en su oreja y los múltiples tatuajes que tiene tanto en las manos como en los brazos. Sumó casi 10 millones de reacciones.   Miró al espejo para tomar la selfie y la describió con un emoticón de lluvia, para aludir al tema Rain On Me que interpreta a dueto con Lady Gaga.                        Ver esta publicación en Instagram                                              Una publicación compartida por Ariana Grande (@arianagrande) el 24 de Ago de 2020 a las 3:29 PDT     Recomendamos: Así es la nueva y lujosa mansión de Ariana Grande de 13.7 mdd  Ariana Grande se está preparando para participar en los MTV Video Music Awards con una actuación especial al lado de Lady Gaga. La entrega de premios se llevará a cabo el domingo 30 de agosto al aire libre y sin audiencia en vivo.    “Los VMA 2020 se llevarán a cabo el domingo 30 de agosto y rendirán homenaje a la increíble capacidad de recuperación de Nueva York con varias presentaciones al aire libre en [la ciudad] con audiencia limitada o nula, cumpliendo con todas las pautas estatales y municipales”.    “En estrecha consulta con los funcionarios de salud estatales y locales, quedó claro en este momento que las actuaciones al aire libre con una audiencia limitada o nula serían más factibles y más seguras que un evento en interiores”, señaló la organización en un comunicado.    Gaga y Grande están nominadas con Rain On Me en la categoría Canción del año, Video del año, Mejor colaboración, Mejor video pop, Mejor cinematografía, Mejores efectos visuales y Mejor coreografía.    Ariana Grande pasa por un gran momento a nivel profesional, pero también personal. Hace un par de semanas felicitó a su novio Dalton Gomez por su cumpleaños con una tierna fotografía.   “Hbd para mi bebé, mi mejor amigo, mi parte favorita de todos los días :) Te amo”, escribió la cantante de 27 años.  La intérprete de 7 rings presentó a su pareja en mayo durante el vídeo oficial de Stuck With U, canción que interpreta con Justin Bieber.  Lee: Demi Rose arrasa con 'bikini body’ en playa de Ibiza  El portal TMZ informó que el joven nació y creció en el sur de California. Trabaja en el mercado inmobiliario de lujo por lo que se rodea de famosos y personalidades reconocidas. Así habría conocido a Ariana Grande.   También fue director del grupo Aaron Kirman en Los Ángeles.  Mira las fotos de Ariana Grande en la galería.                        Ver esta publicación en Instagram                                              Una publicación compartida por Ariana Grande (@arianagrande) el 25 de Jul de 2020 a las 12:28 PDT   ",Ariana grande conquista instagram con selfie en leggings,https://www.viveusa.mx/showbiz/ariana-grande-conquista-instagram-con-selfie-en-leggings,eluniversal,www.viveusa.mx,285,6
672b479df680b675e9d81d8e618288d6," Después de posponerlo por varios meses, este sábado se celebró en México el “Record Store Day” con grandes descuentos y promociones en los discos, a pesar de la crisis económica que muchas tiendas tuvieron que atravesar durante la cuarentena.  “La situación de la caída de ventas fue algo que nos ha afectado a todos, incluso hablando con colegas que tienen otras tiendas de discos y fue como un golpazo súper fuerte al menos por el primer mes y medio, después como que las cosas se regularizaron, debido a que la gente también encontró una dinámica en los servicios de entrega por paquetería y vimos que esa era la situación más práctica”, dijo en una entrevista a EL UNIVERSAL Alfredo Araujo, Portavoz de Record Store Day México.  En los últimos años, de acuerdo a algunos críticos musicales, la venta de vinilos ha aumentado, debido a que las nuevas generaciones han encontrado en este formato el arte y los diferentes diseños que ofrece el disco físico, algo que no se encuentra en los formatos digitales, además de los melómanos o coleccionistas nunca pierden la oportunidad de adquirir una nueva edición de colección.  Es por eso que el “Día Mundial de las Tiendas de Discos”, es una fecha muy esperada por miles de personas, que estaba programada durante la segunda semana de abril, pero se tuvo que posponer hasta que las condiciones sanitarias lo permitieran. Mientras tanto se tuvieron que conformar con las ventas en línea, especialmente para ayudar a todos los trabajadores de las tiendas.  “…aunque no fuera lo mismo en ventas en línea que cuando estábamos abiertos, por lo menos si seguíamos rescatando los gastos operativos, para que nuestro staff tuviera su ingreso, tratamos de cuidar mucho esa parte humana, porque si bien su sustento no es completamente la tienda, pues si hay algunos integrantes que son estudiantes o apenas se están abriendo paso en el ámbito profesional”, explicó.  En su momento debido a la cuarentena “La Roma Récords”, tienda embajadora del evento, agotó varios de los títulos que tenían y por el cierre de aeropuertos y el paro de producción fue imposible el abastecimiento. Fue hasta que se empezó a recuperar la actividad en Europa y Estados Unidos que empezaron a exportar algunos discos.  “Se agotaron títulos que circulan mucho, especialmente los relacionados con el hip hop, rock, por ejemplo, vendimos lo último que teníamos de Pink Floyd, que son artistas mundiales que se prensan miles de unidades”, señaló.  Cada año durante esta celebración, las tiendas de discos reportan filas interminables y un lleno total en las tiendas, en esta ocasión por las medidas sanitarias implementadas y especialmente al cuidar la sana distancia, la situación fue distinta, aun así, muchas personas fueron felices en adquirir varios discos a precios muy bajos.  “En Facebook live estábamos sacando una iniciativa que se llama ‘remedios sonoros para la cuarentena’ que, a pesar de la crisis, estamos haciendo el esfuerzo por regalar discos a través de trivias y demás, para que la gente siga involucrada con nosotros y vea que estamos ahí y que no vamos a cerrar a menos que si nos caiga un meteorito a todos (risas)”, dijo.  al ",Hace felices el “Record Store Day” a los mexicanos,https://www.eluniversal.com.mx/espectaculos/hace-felices-el-record-store-day-los-mexicanos,eluniversal,www.eluniversal.com.mx,252,6
25f57178c53f6b1b18e151faa092c765,"  Priorizar es una característica del ser humano y de la sociedad. Así nos enseñan, así crecemos. Las pandemias o las catástrofes naturales que afectan a los pobres o a los muy pobres incomodan y mueven poco. Las que saltan continentes, como la actual, y llegan a la crema y nata del mundo incomodan e incordian más. Llamaré pandemia de la pobreza a quienes mueren por sus consecuencias.  Algunos datos. 1) Cada día perecen en el mundo de desnutrición 8,500 niños. 2) En 2017 fallecieron 6,3 millones menores de 15 años por causas prevenibles, entre ellos, 1,5 millones por diarreas. 3) Anualmente fenecen 50 mil mujeres por abortos inseguros; cinco millones sufren lesiones graves. 4) En 2018 murieron 1,5 millones por tuberculosis, de los cuales 250 mil padecían VIH. La lista puede ampliarse. Basten los datos anteriores para hablar de otro Mal radical —copio el término de Hannah Arendt— cuyas fauces engloban a las previas, la pandemia de la pobreza.  Las pandemias previas no requieren vacunas. Requieren intervenciones mayores: menos hurtos, justicia, disminución en natalidad, más políticos y empresarios ladrones en la cárcel, menor esperanza en el mundo venidero, mayor solidaridad…  El escenario anterior como preámbulo para adentrarse en el denodado “esfuerzo agudo” para encontrar la vacuna contra Covid-19 cuya inversión y listado de países ricos implicados cuestiona el “fracaso crónico”, su inmovilidad para disminuir males para los cuales se cuenta con soluciones: alimentos, hospitales para efectuar legrados, sueros y antidiarreicos, medicamentos para tratar sida y tuberculosis. Dos mundos: seres humanos nominados versus innominados.  Como señalé la semana pasada, los proyectos para encontrar la vacuna muestran los esfuerzos de los países ricos preocupados por detener o eliminar la pandemia: disminuir el número de muertos y reactivar la economía mundial son las metas. Tras ocho meses, la cifra de decesos es mucho menor —275,000— cuando se compara con los datos arriba mencionados. La muerte y los muertos son universales. Sus apellidos y nombres no lo son. Ignoro quién dijo “Geografía es destino”. Tenía razón: morir de hambre en Yemen o por Covid-19 en Chiapas es parte de la nauseabunda normalidad; fallecer en Nueva York debido al virus requiere y exige explicaciones gubernamentales. La necesidad de curar o prevenir la pandemia por Covid-19 opaca otras tragedias, entre ellas la pandemia de la pobreza, la pandemia de los políticos y sus funestas consecuencias.  Inglaterra, Alemania, Estados Unidos, Corea del Sur, China, Francia y otros países ricos, así como grandes grupos académicos como los Institutos Nacionales de Salud en EU o el Imperial College of London y farmacéuticas poderosas como Pfizer, Inovio, Sanofi o AstraZeneca, experimentan en pos de la vacuna. Quizás las vacunas estén disponibles a fin de año. Cuando se cuente con ellas, las campanas redoblarán, no para todos, sólo para los privilegiados.  Ernest Hemingway, autor de Por quién doblan las campanas, tomó el título de su novela de un poema de John Donne —Devotions Upon Emergent Occasions—, aplicable a las pandemias descritas al inicio y la producida por Covid-19: “Nadie es una isla, completo en sí mismo; cada hombre es un pedazo del continente, una parte de la masa. Si el mar se lleva un terrón, toda Europa queda disminuida, como si fuera un promontorio, o la casa señorial de uno de tus amigos, o la tuya propia. La muerte de cualquier hombre me disminuye porque estoy ligado a la humanidad: por consiguiente nunca hagas preguntas por quién doblan las campanas: doblan por ti”.  Inmersos en la epidemia —¿cuándo terminará?—, priorizar será necesario. Dudo que la distribución de la vacuna se ajuste a cánones éticos. Dudo que las prioridades políticas y comerciales tomen en cuenta a Donne, “…la muerte de cualquier hombre me disminuye porque estoy ligado a la humanidad”. Nuevamente no concluyo. Discutir cuestiones éticas es imperativo. Lo haré la próxima semana.   Médico y escritor    ",Vacunas redoblaran las campanas,http://www.eluniversal.com.mx/opinion/arnoldo-kraus/vacunas-redoblaran-las-campanas,eluniversal,www.eluniversal.com.mx,345,3
f0d6457932685b06c6c9df583c7d059d," Entre el estallamiento de la pandemia en México y la convocatoria a una eventual consulta para enjuiciar a expresidentes, el gobierno López Obrador ha recorrido seis meses que bajo cualquier régimen tradicional supondrían una pesadilla social y económica, con riesgos de estallidos sociales. Pero el Presidente asegura ver otra realidad, y ha convencido de ella a medio país. Cuando ya está entre nosotros la peor crisis sanitaria y económica en 90 años, como no la ha presenciado virtualmente ningún mexicano vivo, López Obrador sostiene un nivel de aprobación (ligeramente encima del 50%) casi insólito aun para países con los básicos democráticos. El fenómeno parece ser producto de la indudable intuición popular del mandatario, así como de una amplia apuesta de los sectores más vulnerables, que forman lo que podría llamarse la nación de los esperanzados, dicho sea con respeto y sin ánimo peyorativo alguno.  A este México que vive en los territorios de la esperanza (en realidad, ha debido hacerlo por décadas) no le interesan episodios como el circo montado en San Lázaro por un grupo de diputados mercenarios, de trayectoria podrida hasta el hueso, aceptados por Morena y sus aliados para conservar la presidencia de la Cámara, una posición casi honoraria —o que lo había sido hasta ahora. En las comarcas de los esperanzados no sólo se acepta, se aplaude con ánimo de venganza ciega la idea de llevar a los expresidentes a la cárcel. Ahí creerán que fue culpa de los poderosos de antaño el que la consulta anunciada se frustre por no tener bases constitucionales, o que los presuntos delitos de los expresidentes, nuestros villanos favoritos, hayan prescrito. Rechazarán que todo haya sido urdido desde Palacio Nacional para mantener encendida la llama de la indignación, que siempre es un buen ingrediente en días de elecciones. La “ola de esperanza” está cada vez más contenida geográficamente en el sur y sureste del país, pero se desplaza con firmeza hacia estados céntricos con alta población marginada; crea islotes en la capital del país, Puebla y Tlaxcala; se repliega en el Bajío y el noreste (la nación de las clases medias, escépticas ante los cambios abruptos), pero salpica hacia al noroeste (históricamente inclinado a experimentar). El México de los esperanzados porta en su cultura la simbiosis entre la miseria y la muerte. Sus pobladores ya eran diezmados, masivamente, a causa de padecimientos que en otras regiones dejaron de ser preocupantes desde el siglo pasado. Son ellos los que ven morir todos los días a sus hermanos por Covid-19 (si es que reciben un diagnóstico), pero deciden creer que la pandemia ya está cediendo; admiran a un mentiroso compulsivo llamado Hugo López-Gatell, y suponen que el Seguro Popular sólo cambió de nombre por el de Insabi. La nación de la esperanza, que sigue a un universo de distancia del país de la economía moderna (la que exporta, genera empleo y bienestar) sabe poco de los ciclos de la crisis, porque nunca han dejado de estar en ella. Forman parte del eufemismo llamado “economía informal”, lo que quiere decir vivir al día, arrancarle el dinero a la calle, al de al lado, a veces desde la criminalidad, para llevar alimentos a casa. ¿Cuántos de los mexicanos que viven y comen de la esperanza son reflejados auténticamente en las encuestas? ¿Cómo votará esa ola cuando sea convocada a defender su frágil asidero en la búsqueda de un mejor futuro, así sea mediante programas sociales? ¿Ganar así, vendiendo una esperanza que sabe etérea, no será una forma de derrota moral, una lacra en la historia?    ",El semestre negro o no de amlo,http://www.eluniversal.com.mx/opinion/roberto-rock-l/el-semestre-negro-o-no-de-amlo,eluniversal,www.eluniversal.com.mx,296,3
6c408caa183a4e6be34426c0febe6139," Pablo Guede llegó a Tijuana con la ilusión de repetir su trabajo conseguido en Morelia en el Apertura 2019; sin embargo, le ha costado obtener los resultados. ¿Cuál es el problema de los Xolos? Esto respondió el estratega argentino: “Si supiera lo intentaría resolver. No dejó de pensar en eso y nos está costando de visitante. Si estuviéramos mal físicamente, la altura o el calor, no acabamos metiendo al rival en su campo. Es algo que debemos analizar y seguir creciendo. Nos faltó volumen de juego en el campo de ellos. Es poco más del proceso”. LEER MÁS: Pumas golea a Xolos y se mantiene como el único invicto del Guardianes 2020 Pese a la goleada sufrida en Ciudad Universitaria, el estratega de los fronterizos destacó algunos puntos de sus dirigidos. “Les dije que teníamos que seguir intentando porque llegamos varias veces y no se pudo. Solo queda seguir intentando. Fue un 3-0, sí, es verdad, pero el nivel del equipo, de América para acá, tanto León, como hoy, no hicimos un mal partido y soy el primero que reconozco cuando jugamos mal. Hoy hicimos un buen trabajo con deficiencias y no tuvimos el volumen de juego en su campo que trabajamos en la semana”, declaró.    ","La preocupación de Pablo Guede, tras la derrota ante los Pumas",https://www.eluniversal.com.mx/universal-deportes/futbol/xolos-la-preocupacion-de-pablo-guede-tras-la-derrota-ante-pumas,eluniversal,www.eluniversal.com.mx,99,6
db1dcf890fb04083e380d29f8e31f88c," Hace dos años que busco al líder que nos abra las hojas del portón del Palacio Nacional. Ese es el encargo secreto que me ha asignado la cúpula del Neoliberalismo: encontrar al hombre que pueda regresarnos al Poder.  Y es raro que no logre encontrar a ese líder providencial, porque como grupo ideológico, hoy gozamos de circunstancias admirables.  Una unidad sin igual: nos une el rechazo unánime al Bobo que preside sobre la Nación. Tampoco nos falta narrativa: como el Bobo diario informa de lo que ha hecho y de lo qué hará, y como no es lo que dicta nuestro ideario, cada día hay más yerros frescos por los que denostarlo.  Además, no nos faltan lugares para expresar nuestro enfado. En los foros de debate televisivos siempre somos todos del mismo credo, y si acaso se cuela algún bribón izquierdoso, a pura pedrada verbal lo aplacamos.  Es rarísimo. Vencemos en cada foro de la televisión, y sin embargo mientras más triunfamos menos distingo a nuestro líder.  Entre los candidatos que observo, hay tres que prometen. Está el Emiliano el Ladrador: su furia contra el Presidente se expresa en do mayor, (pero acaso de forma demasiado ladrada). Está el Expresidente: socarrón, ocurrente y sobre todo audaz, (dado que critica al Bobo estando a dos pasos de un juicio por actos de genocidio). Y está el Intelectual Elegante, que destila su veneno en gotero, en gotas espaciadas y doradas (y acaso incomprensibles para el pueblo).  Joder con el maldito pueblo: en él reside en realidad nuestro problema: resulta que para ganar la próxima elección tenemos que convencer a esa multitud ignorante. Me encojo de terror: creo haber dado en el corazón del asunto.  Luego entonces, ¿dónde puedo encontrar a un hombre con una narrativa que no sea el puro rechazo al Bobo, y que abarque un tramo, así sea pequeño, de promesa de futuro para el pópolo?  El otro día se lo consulté al albañil que ponía en mi cocina los adoquines del suelo. (Una medida de mi desesperación: hablar directamente con el pueblo.) Lo que me dijo, hincado en la cocina, esparciendo con la paleta el cemento, detrás de su tapabocas y sus gafas, fue de alguna y remota forma iluminador.  Don Gerardo me dijo que en los treinta años en los que los neoliberales reinamos en la Nación, a él le fue no mal, sino pésimo.  No solo no pudo construirse una casa propia, los servicios públicos que el Estado le daba gratis se deterioraron: el hospital y la escuela para sus hijos se volvieron de espanto y dejaron de haber espectáculos gratuitos. Y mientras su patrón, un señor apellidado Higa, se volvía “archi reputri millonario el cabrón” (sus palabras textuales) y por su televisor pasaban inauditos escándalos de corrupción, en que las cifras del dinero eran de fábula, su salario no subió “un solo puto peso”.  —¿Quieres ser nuestro líder? —le pregunté sentado al mostrador de granito de la cocina, bebiendo un daiquirí, (con todo y sombrillita).  —Si pagan, cómo no —contestó el pueblo hincado junto a mis mocasines, colocando el primer adoquín.  Ayer presenté a don Gerardo el Albañil en el zoom semanal de la cúpula neoliberal. En su curiosísimo dialecto repitió su crítica al neoliberalismo y las cabecitas en la pantalla fueron asintiendo.  ¡Tenemos líder!  Ahora solo nos falta extraer de su crítica una nueva narrativa de futuro que ofrecerle a la Nación.    ",Una oposicion sin futuro,http://www.eluniversal.com.mx/opinion/sabina-berman/una-oposicion-sin-futuro,eluniversal,www.eluniversal.com.mx,287,2
df4b2b3e24b71f42b8f0c6edc246eb6d," En el PRI no existe la obsesión de querer presidir la Mesa Directiva en la Cámara de Diputados, lo que le asiste es la razón y la justicia, aseguró el coordinador de los diputados priistas, René Juárez. Al concluir la reunión plenaria de los diputados del PRI, el guerrerense advirtió que al PRI lo que le corresponde es tener gobernabilidad y estabilidad. “Las ambiciones personales de otros no es responsabilidad del PRI. Vamos a ir en unidad para exigir lo que en derecho nos corresponde"". También lee: Morena retiene diputado, mantiene mayoría y deja al PT empatado con el PRI “No tengo duda que nosotros vamos a presidir”, afirmó Juárez Cisneros. Por su parte, el dirigente nacional del PRI, Alejandro Moreno, puntualizó que el PRI es la tercera fuerza política y así seguirá. En todos los supuestos, añadió, vale sumar compañeros. “Tenemos confianza plena en las instituciones y en el respeto a la ley”, apuntó. rmlgv ","El PRI presidirá la Cámara de Diputados, asegura Juárez Cisneros",https://www.eluniversal.com.mx/nacion/el-pri-presidira-la-camara-de-diputados-asegura-juarez-cisneros,eluniversal,www.eluniversal.com.mx,81,7
fc33e1950a59ba80390e6c0d0d619b24," La Fiscalía General de la República (FGR) imputó al abogado Juan Collado por el delito de defraudación fiscal equiparada, sin embargo, hasta el próximo viernes el juez de control resolverá su situación jurídica. Durante una diligencia de cinco horas, la defensa de Collado escuchó la imputación de la FGR y solicitó al juez Juan Carlos Ramírez Benítez la duplicidad del término constitucional para aportar datos de prueba y estar en posibilidades de resolver si se le vincula o no a proceso. La FGR indicó que Collado Mocelo dejó de pagar el Impuesto Sobre la Renta (ISR) de sus ingresos obtenidos en el año 2015, lo que habría ocasionado un fraude al fisco por 36 millones de pesos. El abogado Javier López, quien encabeza la defensa de Collado, explicó al salir de la audiencia que el equipo legal revisará la situación fiscal de su cliente de 2015 para determinar si, efectivamente, existió alguna omisión por parte de los contadores que asesoran al jurista o si la FGR está en un error. Lea también: Yadhira Carrillo pide apoyo médico ""urgente"" para Juan Collado “El Ministerio Público nos dio a conocer los hechos por los que está siendo investigado, es un tema fiscal, en la siguiente audiencia nosotros tendremos oportunidad de poder esclarecer cómo es que nosotros consideramos que no hay un delito o si hubo alguna falta de pago o no. “Vamos a revisar la contabilidad de nuestro cliente y en su caso determinar si hubo alguna omisión en la asesoría de algún contador o fiscalista y si es ese el caso habrá que reconocerlo”, dijo. El juez citó a Collado, su defensa y a los fiscales para el próximo viernes a las 10:00 horas. Hasta ahora, Juan Collado permanece en prisión preventiva de oficio en el Reclusorio porque el año pasado fue vinculado a proceso por delincuencia organizada y lavado de dinero. Lea también: A un año de su detención, ¿qué ha pasado con Juan Collado, el abogado de EPN? El pasado jueves, la FGR imputó a Collado y a Alberto Manuel Alcántara, ex titular de la Coordinación General de Investigación de la FGR, por tráfico de influencias y delitos contra la administración de la justicia. Durante la audiencia, la FGR señaló que los imputados supuestamente participaron en el archivo ilegal de una investigación contra Collado para descongelar una de sus cuentas bancarias en Andorra y que el abogado pudiera tener acceso a los 76.5 millones de euros que tiene ahí, según la causa penal 174/2020. Ni Alcántara ni Collado han sido vinculados a proceso por estas imputaciones debido a que su defensa solicitó la duplicidad del término constitucional por lo que el próximo 1 de septiembre a las 10:00 horas se realizará la continuación de la audiencia. cev ",FGR imputa a Juan Collado el delito de defraudación fiscal equiparada,https://www.eluniversal.com.mx/nacion/fgr-imputa-juan-collado-el-delito-de-defraudacion-fiscal-equiparada,eluniversal,www.eluniversal.com.mx,231,8
c3afd97240c682921cecd5317279914d,"  A dos meses de la salida de quien fuera su titular, la Comisión Nacional de Atención Víctimas (CEAV) sigue sin cabeza y acumulando rezago en su labor de procurar la reparación integral de los perjudicados.  La Ley General de Víctimas entró en vigor hace siete años, pero los afectados por delitos y violaciones a derechos humanos incrementan ante los ojos del Sistema Nacional de Atención a Víctimas (SNAV) y la Comisión Ejecutiva de Atención (CEAV), y se suman con el rezago de años anteriores, lo que ha vuelto la atención más lenta y revictimizante para los perjudicados.  Hay omisiones y una falta de coordinación en las instituciones para cumplir con sus obligaciones, lo que ha conllevado a que la CEAV enfrente 453 juicios de amparo. La falta de respuesta en pronunciarse respecto a las reparaciones integrales por delitos y violaciones de derechos humanos se debe, en parte, a la sobrecarga de trabajo que han presentado las instituciones encargadas de brindar atención a víctimas.  “En México una violación grave a derechos humanos dejó de ser la excepción y empezó a ser la cotidianidad, y cuando las atrocidades son tu normalidad muchas veces no te da la capacidad económica para poder responder a todos los estándares de reparación”, refiere la directiva de Justicia Transicional en México, Daniela Malpica Neri.  También lee: Desaparecieron mil 493 personas de marzo a julio de este año  La ley ordena, el SNAV coordina y la CEAV ejecuta. La comisión ha asumido la atención de las víctimas en la mayoría de los aspectos. “La CEAV por sí sola no puede suplir al sistema nacional ni llevar a cabo sus funciones”, comenta un miembro de la Asamblea Consultiva.  Entre 2015 y 2019 los asuntos atendidos aumentaron, en promedio, 238% anualmente; sin embargo, lo asignado en el Presupuesto de Egresos de la Federación para el Fondo de Ayuda, Asistencia y Reparación Integral no presentó incremento alguno, lo cual obstaculizó la atención para las víctimas, según el Anteproyecto de Presupuesto 2021 de la Junta de Gobierno de la CEAV.  La comisión tiene a su cargo el Registro Nacional de Víctimas (Renavi), que tenía 34 mil 215 personas inscritas y recibe 500 solicitudes al mes, refiere el informe de junio sobre la situación general de la institución.  Algunas víctimas llevan años en espera de entrar en el registro, pero por devolución de documentos o porque falta el reconocimiento de la calidad de víctima ante una autoridad competente se ha negado la inscripción. Un ejemplo es el caso de Morelia, Michoacán, del 15 de septiembre de 2008, que tardó cuatro años en lograr su ingreso en el Renavi.  También lee: Reparten más de 200 millones de pesos a búsqueda de desaparecidos  Miembros de colectivos de familiares de búsqueda de personas desaparecidas denuncian que aunque ya cuentan con la inscripción en el Renavi, presentan retrasos en la entrega de las medidas que les corresponden, tiempo que varía entre meses y años.  La activista mexicana y coordinadora de la Red Eslabones por los Derechos Humanos, Valentina Peralta, plantea que no se han brindado los recursos suficientes para que se establezca una base de datos real sobre víctimas que pueda vincular información.  “Tenemos un Frankenstein de datos de personas víctimas de distintos estados y la Federación, que llegan con todas las anomalías. Lo que tenemos ahora o es una simulación o realmente no han observado con detenimiento la magnitud del compromiso que el estado tiene con las víctimas”.  En una junta de gobierno de la CEAV, el subsecretario de Derechos Humanos, Alejandro Encinas, mencionó: “El Renavi, más que burocratizado, ha tenido una enorme carga nacional”.  También lee: En México hay más de 73 mil personas desaparecidas: Segob  En 2019 se benefició a 6 mil 97 víctimas por la aplicación del Fondo de Ayuda, Asistencia y Reparación Integral. Los delitos y violaciones a derechos humanos más frecuentes en el país son el homicidio, el secuestro, desaparición y desaparición forzada, pero sólo 20% de las víctimas registradas han solicitado acceder a los recursos del fondo de ayuda, asistencia y reparación integral.  Respecto a la reparación integral, hay un rezago en la emisión de más de 3 mil 682 solicitudes, que por ley incluyen en su mayoría compensaciones económicas y que no han sido cubiertas en años anteriores. Ese atraso significa un alza paulatina en la cifra de amparos y se suma a la revictimización por la que pasan los afectados con las instituciones.  Aun con los intentos por dar respuestas a la masividad de víctimas, la comisión no ha resuelto con prontitud las solicitudes.  “El Sistema Nacional de Atención a Víctimas es responsable, una parte de él es la CEAV, que es quien opera los servicios de atención, pero no tiene las condiciones. Es un modelo totalmente aspiracional, pero la circunstancia victimal es una realidad cotidiana y cada minuto se amplía”, dice la activista Peralta.  “ El problema en México es que con 98% de impunidad en los casos no hay quien responda por la violación, por ende, entra de manera subsidiaria el Estado a responder; le ha costado trabajo poder entender esto”, comenta Malpica. Una respuesta pronta y justa para las víctimas, dice, tiene como propósito la reconstrucción del tejido social y crear confianza en las instituciones. ",Comisión de Víctimas sigue rezagada y sin cabeza,http://www.eluniversal.com.mx/nacion/comision-de-victimas-sigue-rezagada-y-sin-cabeza,eluniversal,www.eluniversal.com.mx,421,5
8acfb2f05782c3a77a31ef548f7aebae," Monterrey.- En el marco del Día Internacional de las Víctimas de Desaparición Forzada, la organización Fuerzas Unidas por Nuestros Desaparecidos en Nuevo León (Fundenl) convocó a la realización de una semana de búsqueda, en conjunto con la Comisión Nacional de Búsqueda, Sedena, Guardia Nacional, Fiscalía Especializada en Personas Desaparecidas, Comisión Local de Búsqueda, Fuerza Civil, el Centro de Investigación en Ciencias de Información Geoespacial y el Equipo de Antropología y Arqueología Forense. Dado que en Nuevo León se tiene el registro de cuatro mil 572 personas desaparecidas, en este Día Internacional de las Víctimas de Desaparición Forzada, para Fundenl, la mejor manera de que no se olviden, es salir a buscarlos, señaló la organización civil. Desde hace años, expuso Fundenl, hemos hecho de todo para exigir la búsqueda y localización de todas las personas desaparecidas; hoy sabemos que si no somos nosotras ¿quién?, y si no es ahora ¿cuándo?. “Es por eso, que el día de hoy, hemos convocado a instituciones federales y estatales para realizar –del 30 de agosto al tres de septiembre-, una mega búsqueda de campo en Nuevo León; también, hemos convocado al Centro de Investigación en Ciencias de Información Geoespacial y a nuestro Equipo de Antropología y Arqueología Forense, para que durante una semana salgamos a buscarlos en campo”, destacó Fundenl. Lee también: La persistencia de los familiares de los desaparecidos Asentó la agrupación civil que las instituciones que los acompañarán son la Comisión Nacional de Búsqueda, Comisión Local de Búsqueda, Fiscalía Especializada en Personas Desaparecidas, Instituto de Criminalística y Servicios Periciales, la Comisión Nacional de Derechos Humanos, Secretaría de la Defensa Nacional, Guardia Nacional, Policía Federal y Fuerza Civil de Nuevo León. Precisó Fundenl que esta mega búsqueda, “es el resultado de meses de trabajo, de insistencia, de lucha y marca un precedente en Nuevo León, por lo que esperamos que continuemos y que el compromiso de la Comisión Nacional y de las demás instituciones sea regresar dentro de al menos tres meses la entidad para seguir con estos operativos, ya que esta labor debe ser de manera profesional, coordinada, interinstitucional, y permanente. Por separado, la organización Ciudadanos en Apoyo a los Derechos Humanos (Cadhac), y la agrupación Amores, que aglutina a familiares de desaparecidos, señalaron que en un trabajo conjunto durante 2019 se logró esclarecer el paradero de ocho personas desaparecidas. Asimismo, expusieron que este año el equipo jurídico de Cadhac, en coordinación con las integrantes de Amores, dieron seguimiento a 94 carpetas de investigación abiertas en Nuevo León y Tamaulipas. “Algo se ha avanzado, aunque estamos lejos de erradicar esta horrible violación a derechos humanos, es decir, responder con justicia y verdad a las madres, padres, esposas, esposos, hermanas y familiares que siguen buscando sin descanso” a sus seres queridos. Lee también: Desaparecidos. Una historia que nunca termina en América Latina afcl ",Realizarán mega operativo de búsqueda de desaparecidos en Nuevo León,https://www.eluniversal.com.mx/estados/realizaran-mega-operativo-de-busqueda-de-desaparecidos-en-nuevo-leon,eluniversal,www.eluniversal.com.mx,253,7
f9c09caa15f067373d9937d97b22a830,"    Miahuatlán de Porfirio Díaz.- Vito Irineo Jarquín tiene 83 años. Todos lo conocen como Marcelino, el nombre que le impuso el cura en su bautizo. Marcelino es mezcalero y trabaja en su pequeño palenque ubicado en el pueblo donde nació, La Pila, en Miahuatlán de Porfirio Díaz, un municipio de la Sierra Sur de Oaxaca.  El primer acercamiento de Marcelino al mezcal fue cultivando la tierra. Aprendió a arar cuando tenía menos de 15 años, desde ese momento hasta hoy no ha parado de trabajar. Tuvo cuatro hijos, dos trabajan con él en la producción del mezcal, Silverio y Eleazar, quienes aprendieron de su padre todo lo que necesitan saber.  Hoy, Silverio y Eleazar son la fuerza que mueve el palenque. Eleazar migró de joven a Estados Unidos y apoyó económicamente para consolidar y actualizar el palenque familiar, ahora está de regreso trabajando codo a codo con su papá y su hermano.  Su fuerza es necesaria precisamente ahora, cuando la crisis económica derivada de la pandemia de Covid-19 ha derrumbado las ventas del mezcal y se necesitan de todos los brazos para repuntar el negocio familiar.  Don Marcelino tiene 83 años y lidera un palenque que produce mezcal en La Pila, en Miahuatlán de Porfirio Díaz, un municipio de la Sierra Sur de Oaxaca.    “Tres meses pasamos sin vender ni un litro” cuenta Silverio mientras trabaja cortando maguey en el campo resguardado detrás de su cubrebocas.  Los principales clientes de esta familia de mezcaleros se encuentran en Miahuatlán y las comunidades aledañas, fue por eso que los litros de mezcal dejaron de correr, pues en Oaxaca los pueblos blindaron sus accesos para no permitir la llegada del virus.   También lee: Barbacoa recibe duro golpe por la pandemia  Aunque los cierres carreteros como medida de autoprotección no afectaron la producción de mezcal, sí complicaron que se pudiera mover el producto que nunca se dejó de destilar de la forma ancestral.  “Aquí tenemos todo para trabajar, el agave, el palenque, todo. Los clientes fueron los que se apagaron. Las fiestas patronales, los cumpleaños y demás celebraciones se detuvieron, eso fue lo que más nos afectó, no se vendía nada” cuenta Silverio. Según habitantes de la comunidad, antes de la pandemia la gente llegaba a comprar entre 20 y 50 litros de mezcal, pero ahora, quien se acerca puede pedir desde medio o un litro.  Pese al confinamiento social, la familia Jarquín no detuvo la producción de mezcal, aunque sus ventas bajaron.  A pesar de las bajas ventas, estos tres hombres no han detenido la producción de mezcal, con la esperanza puesta en que pronto mejoren las ventas y que cuando exista una recuperación económica, ellos estén listos para vender.  La esperanza de la familia no es infundada, pues de acuerdo con la Secretaría de Economía de Oaxaca, la industria mezcalera es una de las que más ha crecido en los últimos años, un 173% desde 2015, y la entidad concentra el 90% de la producción anual, que en 2019 se estimó en 7.1 millones de litros. De ellos 4.7 se envasaron para exportación y 80.3% de ese total es mezcal oaxaqueño.  Ahora, pese a la pandemia, el mezcal mantiene un impulso importante que valúa la industria en 5 mil millones de pesos. Además, ha logrado frenar la migración, pues de ella dependen directamente 16 mil personas.  El problema para los Jarquín es que no están afiliados a ninguna agrupación o cámara de mezcaleros, y por ello no han recibido ningún apoyo gubernamental. “Nos han ofrecido que entremos, para recibir apoyos, pero para eso se necesita pagar y como no tenemos suficiente maguey no podemos”, lamentan.   Estos productores no pertenecen a ninguna cámara de mezcaleros, por lo que no recibieron apoyo gubernamental durante la pandemia.    Tradición de más de un siglo   Amanece en La Pila. Marcelino y sus hijos ya están al rededor del horno trabajando. Han esperado varios días para poder encenderlo, pues las constantes lluvias no lo han permitido, las piñas de maguey ya cortadas y listas esperan a un costado del horno.  El horno, un gran hoyo en la tierra, está hecho especialmente para cocer el maguey, y éste en particular lleva más de cien años sirviendo a la familia Jarquín.   También lee: Restaurantes de lujo, los más golpeados por el confinamiento “Mi abuelo hizo el horno, él ya producía mezcal aquí, nada en este horno ha cambiado, aquí jugábamos de niños a darle vueltas” recuerda Silverio. El horno no ha cambiado y la manera en la que estos mezcaleros producen la bebida tampoco. El proceso es completamente tradicional, desde la siembra de los magueyes, su crianza y el corte, basándose en las fases de la luna, respetando el conocimiento tradicional. “Tenemos que cortar el maguey en luna creciente, la sazón del maguey es mejor, también su producción, es el punto. Esa es la tradición que tenemos, le tenemos fe al conocimiento de antes” relata Silverio.   Los principales clientes de esta familia se encuentran en Miahuatlán y comunidades aledañas. Antes vendían hasta 50 litros; hoy, sólo uno.     Mientras el sol comienza a subir, Eleazar y Silverio llenan el horno de leña. Lo hacen de una manera especial que permite que se caliente de manera uniforme. Mientras, Marcelino ajusta una antorcha en una vara larga y puntiaguda. Encendido el horno, el humo se hace presente inundando todo el espacio, la gran humareda se puede mirar desde lejos.  Eleazar coloca las piedras que se calentarán con el fuego y mantendrán el calor para cocer el maguey. Lo hace con destreza, soportando la espesa cortina de humo que impide la visibilidad y mengua la respiración.  El horno permanecerá encendido aproximadamente ocho horas, horas de incertidumbre pues las nubes están presentes y puede comenzar a llover en cualquier momento.  El humo del horno se convierte en una señal, poco a poco vecinos y amigos comienzan a llegar al palenque de los Jarquín para ayudar a cerrar el horno, trabajo que requiere de precisión y velocidad; mientras más personas ayuden es mejor.    El proceso de producción de la bebida es tradicional, pues esperan la luna creciente para cortar el maguey.    Entre los habitantes de La pila es común ayudarse, ya sea en la siembra, el corte de maguey o en el cerrado del horno. “Casi no hay trabajadores y los pocos que hay quieren ganar mucho y no sale, por eso mejor nos ayudamos entre vecinos,” explican.   También lee: Librerías independientes sortean la crisis  También el trueque es una forma de sobrellevar la crisis económica, y en La Pila lo practican con cotidianidad. “Si no hay dinero le dices a alguien, necesito leña, ¿quieres, te doy mezcal por esa leña? Y se ajusta, cambiamos lo que sea, un chivo, gallinas, guajolotes por mezcal”.   El horno de la familia tiene 100 años de antigüedad, fue hecho por el abuelo de Eleazar y Silverio, quien también hacía mezcal.    Para lidiar con la crisis que viven, los familiares más jóvenes de la familia Jarquín han ideado una página de Facebook y han nombrado a su mezcal “Sangre de Maguey”, buscando en las redes sociales una alternativa para la venta de su mezcal artesanal. Y la fuerza para que esta pandemia no los venza.   Para meter las piñas de maguey al horno, los hermanos reciben ayuda de los vecinos, pues no tienen dinero para trabajadores ",“Pasamos meses sin vender ni un litro de mezcal”,http://www.eluniversal.com.mx/estados/pasamos-meses-sin-vender-ni-un-litro-de-mezcal,eluniversal,www.eluniversal.com.mx,602,5
921269b87d6ca663240b4945d62f4bdb," La sierra eléctrica no cesa, el sonido del taladro de concreto perfora mi cabeza cual máquina de dentista amplificada. El martilleo sobre el metal, con otros ruidos estridentes cuyo origen no identifico, cruzan la ventana de manera constante. La obra mayor que los vecinos decidieron hacer durante estas semanas de encierro —precisamente cuando más estamos en casa— pone a prueba la paciencia y la tolerancia de cualquiera.  Desde niños nos enseñan a agradecer, tanto por lo que recibimos, como por lo que hay y tenemos. Los guías espirituales y terapeutas aconsejan: “Por las mañanas agradece tres cosas antes de empezar el día”; o bien: “Antes de acostarte escribe cinco cosas que tengas que agradecer”; también: “Lleva un diario de gratitud”. Sin embargo, este acto no siempre surge de manera natural, fácil o cómoda.  En la vida siempre habrá bendiciones y lo contrario: contextos adversos a los que podemos reconocer como maestros. Es fácil agradecer las primeras cuando las cosas van como deseamos, cuando todo fluye y se da sin dificultades. Sin embargo, cuando aparecen esos maestros, en especial aquellos que por duros, exigentes o desfavorables nos hacen crecer a “golpe de martillo”, agradecer su existencia simplemente no nace. Mientras atravesamos un proceso difícil, sólo cerramos los ojos y apretamos el paso en espera de librar la tormenta. Con el tiempo, volteamos atrás y agradecemos haber tenido aquel maestro que de momento nos hizo sufrir. Es entonces que nos percatamos de que, en realidad, haber vivido esa experiencia nos sacudió pero nos llevó a ser lo que somos y, de alguna manera, nos convirtió en mejores personas.  Puede parecer algo tonto, empero, la experiencia de escuchar sin tregua el ruido de la construcción de mis vecinos, ha puesto a prueba lo que predico: la tolerancia y la paciencia para tener la capacidad de concentrarme en escribir, practicar la meditación, convivir con amabilidad y, al mismo tiempo, permanecer de buen humor… (¿todo el día, en serio?).  También me ha llevado a percatarme del valor de la ausencia de ruido. Benditos ratos en los que escucho el silencio gracias a que las máquinas paran; ese “silencio” urbano que antes no apreciaba ni reconocía y que ahora por contraste se compara con la serenidad en la cima de una montaña sagrada.  Los seres humanos, cretinos como somos, necesitamos trabajar mucho para valorar los días de descanso; pasar hambre para valorar la comida en la mesa; estar días en el hospital para apreciar un instante al aire libre; padecer enfermedades para valorar la salud. Y me pregunto, ¿cuántas otras cosas apreciamos por su ausencia cuando nos percatamos de que las considerábamos una obligación de la vida?  Podemos pensar en nimiedades como son la ausencia de prisa, tráfico, del altero de platos por lavar; o en cuestiones más relevantes como la ausencia de angustia al ver los resultados del análisis de sangre en los rangos correctos; de dolor; de ansiedad al poder sacar de la cartera lo necesario para el gasto; o, también, en la ausencia de tensión con algún familiar. Cuando esos aspectos se producen con espontaneidad, no valoramos lo que significan y cuánto contribuyen a la tranquilidad en nuestra vida. Y bien sabemos que la tranquilidad es lo más parecido a la felicidad.  ¿Qué ausencias en tu vida contribuyen a tu tranquilidad, lo has pensado? Aquellas que —al no estar, no ser, no suceder— hacen que tu día pase como “normal”.  Te propongo agradecer a estos maestros, no sólo por las noches o al amanecer, sino durante el día; es una invitación a tener la conciencia abierta y percibir aquello que por su ausencia nos hace vivir mejor.  ",Agradecer la ausencia,http://www.eluniversal.com.mx/opinion/gaby-vargas/agradecer-la-ausencia,eluniversal,www.eluniversal.com.mx,291,2
50e34cf688e694e1f7e27455ed63c9b4," La pandemia del Covid-19 genera una devastación económica en el país, ante la cual el Congreso y, en particular, el Senado, tiene la disposición de revisar un ingreso mínimo para cada ciudadano, y el problema que se tiene que resolver es determinar la fuente de recursos que absorban ese apoyo, dice el coordinador de Morena en la Cámara Alta, Ricardo Monreal Ávila. Manifiesta el advenimiento de un nuevo orden internacional, que motive debates, a los que México está abierto, en los parlamentos del mundo, uno de los cuales sería la política progresiva fiscal, con la mira de que ""unifiquemos criterios y podamos impulsar medidas similares en razón de la devastación económica que va a generar el coronavirus en el mundo"". Con la cercanía del inicio del tercer año legislativo, del proceso electoral 2020-2021, y en medio de la emergencia sanitaria, Monreal Ávila, en entrevista en su oficina de la Junta de Coordinación Política (Jucopo) del Senado, rechaza que fuerzas morenistas externas a la Cámara Alta afecten a la fracción parlamentaria. Explica que abona a ello que él no entra en disputas por ""pedazos de poder"". Dice que el Senado mismo está blindado de las tormentas políticas, y ello lo posibilita su ""acuerdo de caballeros"", con el Bloque de Contención --formado por la oposición del PAN PRI, MC y PRD--, que se basa en el cumplimiento de la palabra. Con los coordinadores parlamentarios, ""nosotros nos ponemos de acuerdo, e intentamos respetar cada posición y no introducirnos a la vorágine de la política partidista, ni a la vorágine de la actitud facciosa"". También lee: Se reúne AMLO con presidentas del Senado y San Lázaro Monreal Ávila tiene formación política y parlamentaria adquiridas en una trayectoria de más de cuatro décadas, en que ha recibido apoyo de personajes como José Luis Lamadrid Souza, Luis Donaldo Colosio Murrieta, José Trinidad Lanz Cárdenas y Genaro Borrego Estrada, entre otros.  ¿Cómo siente el tiempo político inmediato? – Es un momento complicado. El Congreso se va a centrar en medidas de emergencia económica y legislativas que restauren la confianza ciudadana. Hay más de cien temas en la agenda legislativa; sólo en materia de justicia, 41 proyectos, así como la Ley del Sistema de Ahorro para el Retiro y la reforma de Cannabis, por concluir. El trabajo legislativo va a sufrir profundas modificaciones a consecuencia de la pandemia. Una de ellas es el Congreso Digital. Estamos en ese proceso para que en el próximo periodo de sesiones lo podamos hacer realidad.  ¿Hasta dónde desarrollar legislación económica? – Estamos en disposición de revisar la legislación para atenuar el impacto que va a tener el coronavirus en la economía nacional. Un grupo plural de senadores, con los titulares de Hacienda y Economía, buscan alternativas de ingreso básico para los ciudadanos mexicanos.  No basta diseñar un apoyo, con el que todos estamos de acuerdo, el problema es de dónde se va a obtener ese recurso. Por ello, es clave la política progresiva fiscal, tema que en el mundo vamos a debatir. Ya hay iniciativas de otros parlamentos para que unifiquemos criterios y podamos impulsar medidas similares en razón de la devastación económica que va a generar el coronavirus en el mundo. También lee: Batres rechaza a Ramírez Aguilar para encabezar Mesa Directiva del Senado No van a variar mucho las medidas que se tomen en los próximos años, hoy más que nunca habrá un nuevo orden mundial, y habrá esquemas similares en los parlamentos del mundo, no pueden variar, y México está abierto, tenemos que prepararnos a ese tipo de advenimientos y de presencia urgente en materia legislativa y de actualización normativa mundial.  ¿La bancada de Morena refleja la situación del partido? ¿Tiene fraccionamientos? – Hay respeto entre todos, no hay pensamiento único. Este domingo 30 vamos a decidir la mesa directiva en urnas transparentes, ante dos notarios  públicos. No tenemos ningún problema interno, no lo vamos a tener.  ¿En este primer tercio como mayoría, Morena se desarrolló, se desgastó? – Adentro tenemos opiniones sobre una ley o reforma, pero nos une el pensamiento, acción, ideario político y las acciones públicas del Presidente de la República.  ¿Los polarizan personajes de la corriente de Morena que están en el candelero público? – No. Porque nosotros no nos metemos en la disputa de posiciones, puestos, pedazos de poder; estamos ajenos a eso. A mí en lo personal no me interesa en lo más mínimo estarle disputando espacios a nadie.  ¿El Bloque de Contención es un pacto de caballeros? – Pacto de caballeros. La palabra en la política se ha perdido y nosotros la hemos recobrado en el Senado. Lo que acordamos se respeta.  También lee: Critican a PT por adhesión de legisladores Veo al PAN, con Mauricio Kuri, un hombre honesto, rudo, firme en sus convicciones, con el que podemos dialogar con respeto. Veo a Miguel Ángel Osorio, del PRI, con una experiencia tras de sí impresionante, un político con una trayectoria indiscutible y con una sagacidad política importante. Dante Delgado, de MC, constructor de instituciones, quizás para mí el de mayor experiencia, mayor sabiduría política, actúa con sensatez y con oportunidad. Y Miguel Ángel Mancera, del PRD, quien es un buen jurista y una gente que se ha formado políticamente, con mucho sentido jurídico.  ¿El Bloque de Contención blinda al Senado de tormentas políticas? – Hasta ahora lo ha blindado, porque pareciera que no pasan por aquí, porque nos ponemos de acuerdo, e intentamos respetar cada posición y no introducirnos a la vorágine de la política partidista, ni a la vorágine de la actitud facciosa. Tratamos de mantener al Senado en un proceso de trabajo plural, coordinado, productivo para la nación.  La austeridad de dos años debilita al Senado ante los retos que vienen? – Nosotros nos desprendimos de mil 200 millones de pesos, 25 % del presupuesto, y no se afectó al trabajo legislativo. Se redujo la vida a que estaba acostumbrado el Senado. Ahora es un mundo austero, muy productivo en materia legislativa con menos recursos.  ¿Vemos un Congreso, como elemento del Estado, robusto o la falta de recursos lo debilita? – No. Cada vez más los legisladores se sacuden de la vieja ortodoxia de la dependencia del Ejecutivo. Cada día que pasa, se asumen como un ente equilibrador de los demás poderes; cobra autonomía el Congreso de la Unión. Somos un control real de los poderes. ",Senado esta blindado de tormentas politicas monreal,http://www.eluniversal.com.mx/nacion/senado-esta-blindado-de-tormentas-politicas-monreal,eluniversal,www.eluniversal.com.mx,528,5
0e9852fc236fdf54c3781349373dd039," A pesar del paso irregular de los Tigres y –sobre todo– en una pandemia, Carlos Salcedo se fue a disfrutar del fin de semana en Cancún, con familias y amigos.  El zaguero felino, sacado de la pena, publicó diversas fotografías y videos en sus redes sociales durante sus días de descanso, que incluyó una paseada en yates y cenas en restaurantes.  Lee también: Situación de Tigres tiene al 'Tuca' ""decaído anímicamente"" El cuadro regiomontano suma cuatro partidos sin ganar, incluso, ha perdido unidades en los últimos minutos de esos encuentros. En lo que va del certamen, Salcedo ha jugado cuatro compromisos, 260 minutos, y ha recibido una tarjeta roja.  Los felinos han sido de los equipos más mermados por el Covid-19, con cinco casos desde el arranque del torneo. De los casos más recientes, Nahuel Guzmán y Jorge Torres Nilo han sido de las figuras contagiadas en las últimas semanas. Sin respetar las medidas sanitarias impuestas por la Liga MX, Salcedo salió de Monterrey a disfrutar del fin de semana. Los Tigres reciben el sábado a las Chivas, en el estadio Universitario.  ",Carlos salcedo de vacaciones y fiesta en cancun,https://www.eluniversal.com.mx/universal-deportes/futbol/carlos-salcedo-de-vacaciones-y-fiesta-en-cancun,eluniversal,www.eluniversal.com.mx,95,5
353bff051870eb768f6d795097e65246," Es sábado por la noche. Hay poca gente en los pasillos y andadores de la Unidad Habitacional Tlatelolco, no así cucarachas. En la jardinera de la unidad, en la esquina de las calles Lerdo y Flores Magon, un video tomado por EL UNIVERSAL muestra hasta cuatro cucarachas, de buen tamaño, caminando como cualquier otro día. La jardinera se encuentra frente a una escuela, y a unos veinte metros se observa un letrero que dice “Control de fauna”. Dentro de la jardinera hay un cubo lleno de basura.  Es común ver en la zona, límite entre Tlatelolco y la colonia Guerrero, una o dos cucarachas caminando libremente no es cotidiano ver cuatro juntas, como en esta ocasión. Tampoco es un tema nuevo. Hay reportes en redes sociales de presencia de cucarachas desde al menos 2010.  rmlgv ",Plaga de cucarachas captan cuatro en jardinera de tlatelolco,https://www.eluniversal.com.mx/metropoli/plaga-de-cucarachas-captan-cuatro-en-jardinera-de-tlatelolco,eluniversal,www.eluniversal.com.mx,71,6
7aeddfbe8617c249ef3dff389cc87f06," Dado el incremento de ilícitos con ayuda de artefactos aéreos no tripulados, conocidos como “drones”, en las alcaldías de Álvaro Obregón, Coyoacán y Benito Juárez, la diputada local de Morena, Isabela Rosales Herrera, presentó dos iniciativas para modificar y adicionar diversos códigos y leyes de esta Ciudad.   La morenista considera la necesidad de darle a la autoridad herramientas para sancionar a quien utilice estos aparatos con fines ilegales, por lo que propone una pena de 25 a 50 días de multa o arresto de tres meses a un año, independientemente de los castigos ya contemplados por el Código Penal capitalino, en la comisión de otros ilícitos.   Advirtió que los drones son un avance tecnológico, que lamentablemente han sido utilizados para facilitar ciertas actividades del crimen organizado, como: robo a casa habitación, secuestro y narcomenudeo, entre otros, lo que ha permitido a delincuentes evadir la ley al permitirles actuar a distancia.   Rosales Herrera dio a conocer que actualmente el registro de “drones”, solo se realiza a partir de un peso igual o mayor a dos kilogramos, pero fuera a todos los que tengan un peso menor.    Sin embargo, puso énfasis en que los avances tecnológicos, han permitido una mayor sofisticación en este tipo de aparatos y un menor gramaje, por lo que se necesita un registro donde todo tipo de dron sea registrado, además de contar con los datos personales de sus propietarios.   Por ello, propuso hacer modificaciones al Código Civil, para establecer que el uso de vehículos aéreos no tripulados, se deberá realizar con estricto apego a la ley, para evitar un empleo inadecuado del mismo en contra de cualquier persona, respetando la seguridad de la ciudadanía.   De igual forma,  propone que el Código Penal capitalino contemple los castigos a delitos realizados con ayuda de drones, e imponer una pena que irá de 25 a 50 días de multa o arresto de tres meses a un año.   En lo relacionado a la Ley de Cultura Cívica, propone infraccionar a quien piloteé drones sin contar con el registro correspondiente, mientras que en la Ley de Movilidad busca añadir el reconocimiento de lo que es el vehículo aéreo no tripulado.   Es decir, la iniciativa busca reformas al Código Civil y al Código Penal, por lo fue turnada para su estudio a la Comisión de Administración y Procuración de Justicia.   Mientras que el proyecto para hacer adiciones a la Ley de Movilidad y la Ley de Cultura Cívica, se turnó a las Comisiones Unidas de Movilidad Sustentable y la de Administración y Procuración de Justicia.     lr ",Morena busca cárcel para quien use drones para cometer delitos,https://www.eluniversal.com.mx/metropoli/morena-busca-carcel-para-quien-use-drones-para-cometer-delitos,eluniversal,www.eluniversal.com.mx,218,7
b204f5fa8f5697e92497196ea9660e2c," Hubo un tiempo, durante la Guerra Fría, en que las derechas mexicanas usaban con liberalidad la expresión “el oro de Moscú” para explicar (e implicar) la razón de ser del Partido Comunista Mexicano y otras pequeñas organizaciones de izquierda. El financiamiento del comunismo soviético era lo que, desde la derecha, descifraba la persistencia de “ideas exóticas”, ajenas a un México que había llevado a cabo “la primera revolución social del siglo XX”. Ahora, en la era de la globalización y lejos de la Guerra Fría, efectivamente hay oro externo para los partidos mexicanos, puede llegar de cualquier parte y no por razones ideológicas sino de negocios. Puede provenir, por ejemplo, de Brasil, y aterrizar en las arcas del PRI, como ocurrió en 2012, vía una empresa transnacional con sede en Sao Paulo -Odebrecht S.A.- y que apoyó a Enrique Peña Nieto no por razones ideológicas sino para que le permitiera luego extraer del sector público mucho más oro del que invirtió en los cohechos iniciales. En México y en muchos otros países, los partidos políticos han buscado recursos y otros apoyos dentro y fuera de las fronteras nacionales. A inicios del siglo XIX las logias masónicas fueron proto partidos que sirvieron para organizar a la naciente clase política mexicana, reflejaron visiones encontradas respecto del proyecto para la nueva nación y buscaron respaldo interno y externo: la logia yorquina giró en torno al enviado norteamericano, Joel R. Poinsett, y las corrientes conservadoras, agrupadas en la logia escocesa, buscaron el apoyo de los empresarios españoles que se quedaron en México. Pronto, liberales y conservadores desecharon el novedoso camino electoral como medio para alcanzar y conservar el poder y optaron por el de los pronunciamientos y finalmente por el de la acción directa. Ambos recurrieron a apoyos tanto dentro como fuera del país -en Estados Unidos unos y en Europa otros. Cuando los liberales se impusieron, las elecciones siguieron sin tener importancia, de ahí la dictadura de Porfirio Díaz. Al caer Díaz en 1911 el derecho a gobernar lo volvieron a decidir las armas. Ya entrado el siglo XX y relativamente pacificado el país, las elecciones sin contenido se hicieron rutina. Para administrarlas se dio forma a un partido de Estado que finalmente devino en el PRI y al que nunca le faltaron recursos que directa o indirectamente provinieron de las arcas públicas, de sus organizaciones sindicales y de grupos de interés privados que buscaban favores del gobierno. Al concluir el siglo pasado, la evolución social y cultural del país aunada a los cambios en el sistema de poder internacional forzaron al autoritarismo mexicano a evolucionar y poco a poco el campo electoral adquirió vida real. El marco legal supuso que el flujo principal de los recursos para la competencia electoral dentro y entre los partidos deberían ser públicos, pero rigurosamente vigilados. Sin embargo, ese marco fue sistemáticamente violado y si bien las elecciones de las tres últimas décadas ya han sido efectivamente competidas, sus resultados han sido desvirtuados por fraudes y carretadas de dinero ilegal. Hoy están exponiéndose y debatiéndose ferozmente en los medios y en tribunales dos casos contrastantes de dineros entregados a partidos: los millones de dólares dados por Odebrecht para la campaña presidencial priista de 2012 según la denuncia presentada ante la Fiscalía General de la República por Emilio Lozoya Austin ex director de PEMEX, y un video de 2015 donde Pío López Obrador, el hermano del presidente, recibe un paquete con dinero para contribuir a apoyar las actividades de un recién formado partido de oposición, MORENA, que sería el principal rival -y verdugo- del PRI. El que los montos en ambos casos no sean ni remotamente comparables, no quiere decir que no urja investigar a fondo, con rigor, a ambos. Para el presidente Andrés Manuel López Obrador, empeñado en una lucha intensa, a fondo, contra el enorme abanico de la corrupción pública mexicana, es imprescindible que se esclarezca el caso que involucra no sólo a su partido sino a su hermano. Sólo así se logrará transformar lo que hoy es un golpe duro al proyecto presidencial, pues se le presenta como un triunfo del pasado –“la corrupción somos todos”- sobre el futuro, en un ejemplo del esfuerzo por acabar con un mal que históricamente ha carcomido a la vida pública mexicana. [email protected] ",El oro y los partidos,http://www.eluniversal.com.mx/opinion/lorenzo-meyer/el-oro-y-los-partidos,eluniversal,www.eluniversal.com.mx,378,2
abe9dd396506b6599aeb79c48c7b072e,"  Existen distintos tipos de democracias o modelos que convergen en un tronco común: la toma de decisiones sobre la vida de la colectividad. Durante muchos años la clase política en México ha tomado decisiones de gran envergadura sin consultar a los ciudadanos, es decir, nuestros representantes han decidido por nosotros en asuntos que no necesariamente nos benefician, sino lo contrario, nos comprometen por muchos años, como la emisión de deuda pública o privilegiar gastos faraónicos para ellos mismos.  Los distintos modelos de democracia privilegian algunos aspectos más que otros.  Por ejemplo, unos están a favor de que los ciudadanos participen más (democracia participativa), y otros, de que lo hagan por medio de sus representantes (democracia representativa).  El modelo representativo en el que, se alegaba, los representantes del pueblo sólo veían por sus grupos políticos, es decir, sus partidos, dio pauta a que la ciudadanía se involucrara en asuntos públicos. El 1 de julio de 2018 salimos a las urnas a votar —la mayoría para elegir un cambio— y reflejó, digámoslo así, un tsunami de hartazgo a ese modelo que referí en el primer párrafo, llegando a sumar más de 30 millones de votos a favor de un candidato.  Ante la crisis de representación llegamos a la arena de la participación en la que comenzó la época, justamente, de la nueva democracia participativa.  Gradualmente los ciudadanos hemos encontrado canales para hacernos visibles en la vida pública.  Me refiero a la democracia participativa y a su vinculación con el republicanismo.  El republicanismo contemporáneo puede dividirse en dos grandes grupos:  “En ambos modelos se subraya la importancia primordial de la deliberación como principio que ha de regir el proceso político decisorio, pero, mientras el primer grupo continúa defendiendo el principio de la representación política y las estructuras representativas por considerarlas normativamente deseables, el segundo grupo apela al ideal de la democracia clásica (el gobierno del pueblo y por el pueblo en su sentido literal) para postular que, al menos en términos ideales, las decisiones políticas debieran ser adoptadas por todos los ciudadanos y no sólo por sus representantes electos.” (Marco Vinicio Agulló Pastor, Republicanismo y democracia liberal. Una crítica del pensamiento político republicano, Madrid, España, Centro de Estudios Políticos y Constitucionales, 2016, p.25).  De lo anterior, puedo advertir que el gobierno de Andrés Manuel López Obrador va por el segundo modelo, el ideal de la Grecia antigua y, más enfático, a que las decisiones políticas debieran ser adoptadas por la mayoría de los ciudadanos.  Ahora bien, el Presidente ha planteado un ejercicio participativo con la consulta para iniciar juicio a los expresidentes Carlos Salinas de Gortari, Ernesto Zedillo Ponce de León, Vicente Fox Quesada, Felipe Calderón Hinojosa y Enrique Peña Nieto; incluso una encuesta de esta casa editorial (EL UNIVERSAL) da cuenta que la mayoría de la población quiere llevar ante la justicia a los exmandatarios.  Este planteamiento tiene que analizarse desde diversos aspectos, uno de ellos la democracia participativa. Habrá un tema jurídico debatible pero el Presidente está tomando en cuenta a la ciudadanía que saldrá sin duda a las urnas a ratificar su hartazgo contra el virus de la corrupción, que valga la pena señalar que en el sexenio pasado fue epidémico y sistemático, pues tan solo basta repasar el penoso caso de Emilio Lozoya Austin quien ahogó a Petróleos Mexicanos en las aguas profundas de la corrupción y comprometió su rentabilidad financiera. Por ello, el ejercicio ciudadano que ha convocado el presidente Andrés Manuel López Obrador convierte a los ciudadanos en un jurado, con independencia de que su momento lleguen o no a un juzgador. Para el Presidente lo relevante en este momento es el veredicto ciudadano. Abogado y activista, maestro en Ciencias Penales. @UlrichRichterM    ",Democracia y los expresidentes,http://www.eluniversal.com.mx/opinion/ulrich-richter/democracia-y-los-expresidentes,eluniversal,www.eluniversal.com.mx,321,2
40db49da49aa3888123c6a6cd5dc2317," Mérida.- El Secretariado Ejecutivo del Sistema Nacional de Seguridad (SESNS) registró 4 casos de feminicidios en Yucatán, de los cuales 3 se cometieron en Mérida y uno en Umán, lo que ubica a la capital del Estado en el lugar número 50 de los 100 municipios donde se ha cometido este delito. En las últimas dos semanas, en Mérida y Kanasín se registraron dos casos de mujeres que fueron asesinadas y que son investigadas bajo el protocolo de feminicidio. El primero ocurrió en Residencial Pensiones, donde un joven mató a su novia y luego se suicidó con arma de fuego. El otro caso fue en Villas Oriente, Kanasín, donde las primeras investigaciones de la Fiscalía General de Estado (FGE) revelan que una de las principales líneas de investigación en torno al caso es la autoría de la hijastra de la hoy occisa, como autora intelectual y a un hombre como el autor del asesinato. Lee también: Jessica, Marcela, Danna y Fernanda, 4 feminicidios que sacuden a México Por otro lado, el SESNS señaló que a partir de marzo del año 2020, cuando inició el confinamiento en Yucatán por la pandemia del coronavirus, las llamadas al número de emergencias relacionadas con la violencia hacia la mujer se mantuvo entre 200 y 300, en junio aumentó pero el pasado mes de julio volvió a disminuir. Este organismo federal sostuvo que las llamadas al 911 de enero a julio de 2020, a nivel nacional, alcanzaron 9 millones 602 mil 243, de las cuales 154 mil 610 mil, es decir 1.61 por ciento, estuvieron relacionadas de violencia contra la mujer y de éstas 2 mil 629 se realizaron en Yucatán. Las autoridades estatales comentaron que el reporte de llamadas al 911 presuponen agresiones y maltrato a mujeres como consecuencia de la violencia intrafamiliar y de pareja, lo que actualmente ubica a Yucatán en el lugar 16 entre las 32 entidades federativas. Estas cifras, de acuerdo con el SESNS, indican que cada 2 horas con 9 minutos, el número de emergencias 911 recibe una llamada para reportar un incidente de violencia contra la mujer en Yucatán, lo que equivale a unas 11 llamadas al día. También se destacó la importancia y necesidad de prevenir la violencia intrafamiliar, el feminicidio y las agresiones particularmente hacia las mujeres. Lee también: Diputados proponen homologar delito de feminicidio en los estados afcl ",Mérida ocupa lugar 50 a nivel nacional en feminicidios,https://www.eluniversal.com.mx/estados/merida-ocupa-lugar-50-nivel-nacional-en-feminicidios,eluniversal,www.eluniversal.com.mx,184,6
fe5e33f6130640b6436e910a8917a0e7," Las Águilas del América sufrieron, pero lograron cortar una racha de dos derrotas consecutivas en el Guardianes 2020. Los de Miguel Herrera vinieron de atrás para vencer 1-2 al Atlético de San Luis en el Alfonso Lastras, en una semana que lucía complicada con la lesión de Bruno Valdez. PUEDES LEER: El gesto de Emanuel Aguilera a Bruno Valdez tras anotar gol A continuación te dejamos cinco puntos claves en el triunfo de los azulcrema: 1.- A pesar de que al inicio aceptó un gol a pelota parada, la línea de cinco defensivamente ajustó y no volvió a tener problemas en tiros de esquina o tiros libres indirectos. 2.- Memo Ochoa tuvo una noche casi perfecta, con cuatro atajadas claves para conservar la ventaja. 3.- La media cancha funcionó en los dos sectores: defensivos destacando Fernando “Oso” González y ofensivo con las incursiones de Sebastián Córdova. 4.- Henry Martín encontró la contundencia y llegó a tres goles en el torneo. 5.- Sólo hubo un amonestado por parte de las Águilas, Richard Sánchez, y Miguel Herrera lo sacó para evitar alguna expulsión.    ",Los puntos clave en el triunfo del América ante el Atlético de San Luis,http://www.eluniversal.com.mx/universal-deportes/futbol/puntos-clave-en-el-triunfo-del-america-ante-atletico-de-san-luis,eluniversal,www.eluniversal.com.mx,105,7
18effd07c8acfd47873f05618c39a713,"  Recrear la historia de México en la pantalla es complejo.  Así como hay títulos con buena documentación y se apegan más a los hechos, hay otros que, al ser productos de ficción, se toman licencias creativas que terminan distorsionando la realidad.  En los últimos años destacan títulos como Hernán, protagonizada por Óscar Jaenada, que a pesar del eco que tuvo, tiene errores importantes como la forma en que retratan a la nobleza: Moctezuma no pudo ser un hombre gordo.  Otros como Gritos de muerte y libertad, cuyo punto de partida es el grito de independencia, si bien es más apegado a la historia, no es tan detallado como sí lo hace el documental Malintzin: la historia de un enigma.  También lee: Creadores de la serie ""Hernán"" producirán en inglés  Los investigadores coinciden en que, para volverse expertos o conocer la historia de México, estos programas de entretenimiento no son el lugar indicado, pero sí pueden ser un primer acercamiento que invite a indagar más.  “Es bastante interesante y valioso que exista la preocupación por la divulgación de la historia a través de los medios de comunicación”, señala la maestra en Historia Wendolin López.  “Deberíamos de tener cuidado con la forma en que nos relacionamos como público y mexicanos con los contenidos... No deja de ser ficción y una visión de la historia particular; cuando las vemos, no debemos de quedarnos sólo con la narrativa que nos cuentan”.  A punto de empezar el mes patrio en el que recordamos la Independencia de México, vale la pena revisar estos contenidos.  Un baño de historia poco detallado La historia de Gritos de muerte y libertad arranca momentos antes del inicio de la Independencia de México en 1810 y la primera escena corresponde al grito, una de las más icónicas del país.  “Imagino que fue a propósito para empezar fuerte e inmediatamente después nos transporta años antes de comenzar el movimiento para plantear el contexto”, dice el maestro Misael Martínez. El experto señala que es complicado dar lectura a los hechos que sucedieron hace tanto tiempo y eso permite que se tomen licencias por ejemplo en la ropa. Además se asesoraron en historiadores de renombre e incluyen datos duros. También lee: La historia del famoso fakir que duró 20 días clavado y fue visitado por Pedro Infante y Esperanza Iris El punto en contra es que por tratarse de un producto para televisión no se presta para ser más detallado, cosa que podría hacerse en un documental. Funciona para “darse un baño de historia”.   Se inventan un castillo de San Juan de Ulúa   Foto: FOX  La serie Sitiados: México, protagonizada por Alfonso Herrera, Eréndira Ibarra como Inés y Juan Manuel Bernal, entre otros, se sitúa en el siglo XVII en Veracruz.  “Como historiador, uno puede entender los cambios o alteraciones en los hechos históricos: es una ficción, no un documental. Lo que me parece lamentable es que, contando con los recursos para realizar una producción de época ambiciosa, los valores de producción y el trabajo de ambientación histórica son mediocres, pobres”, señala el doctor Iván Escamilla, investigador del Instituto de Investigaciones Históricas de la UNAM. Según el experto, en temas como el vestuario se mezclan prendas de un siglo anterior, no se recrearon correctamente los peinados de la época y la reconstrucción digital del puerto de Veracruz que se hace en el primer episodio es poco lograda y errónea al mostrar el castillo de San Juan de Ulúa terminado, cuando en esa época se estaba reconstruyendo. Escamilla aplaude que se interesen por rescatar acontecimientos de la última parte del siglo XVII. Sin embargo, explica que al tomarse tantas licencias sirve de poco para aprender de este periodo. “Las libertades dramáticas deforman los hechos y circunstancias y la historia del ataque y captura de Veracruz en 1683 por el pirata holandés Laurent de Graaf, Lorencill.  Una clase para reivindicar a Malintzin  Foto: CLARO VIDEO  En este caso no es una serie de ficción sino un documental. Para la doctora Berenice Alcántara Rojas era claro que la producción de Malintzin: la historia de un enigma quería realizar un producto de corte educativo o didáctico, que mostrara una imagen de Malintzin como una gran mujer para contrastar la imagen que difundió de ella el nacionalismo como una traidora. También lee: Preparan programa conmemorativo de los 500 años de la caída de Tenochtitlan “Buscaron tanto un asesor histórico como entrevistados que fueran académicos de instituciones internacionales de reconocido prestigio y que fueran conocedores de la época y el tema”. En este caso las mayores licencias se tomaron en la ambientación (escenarios, vestuarios, maquillajes). “Es un producto de calidad que cumple con su objetivo didáctico de ofrecer nueva información sobre este personaje y su época, y un nuevo punto de partida para mover la reflexión”.  El encanto del... porfiriato  Foto: TELEVISA  Ambientada en la Revolución mexicana, El encanto del águila tuvo en su reparto a Ignacio López Tarso, Cecilia Suárez y Gerardo Trejoluna. De acuerdo con Walter Martínez Hernández, doctor en Historia de la UNAM, se invirtió mucho dinero y se formó un equipo de historiadores reconocidos. “Lo más criticable del primer capítulo es que no presenta la otra historia del porfiriato”, señala.  “Se deja de lado la lucha social, la inconformidad de la sociedad en contra del régimen. Esto tiene una significación porque, si tú expones una lucha social, de alguna manera fomenta a la conciencia de clase, si hablas del movimiento campesino, obrero y que hubo trabajadores que se rebelaron porque eran oprimidos, puedes entender que tú como trabajador y campesino puedes hacer lo mismo”.  Ridiculizan a la nobleza indígena  Foto: DOPAMINE  Para el maestro en historia Erik Damián Reyes Morales la escenografía y vestuarios de la serie Hernán estuvieron bien logrados pero hay un problema estructural de una mala representación de la nobleza indígena en la serie protagonizada por Óscar Jaenada.  ​​​​​​​También lee: ¿Qué pasó en la Batalla de Otumba? “La nobleza prehispánica como la del resto del mundo antiguo era guerrera, ellos definían las batallas y conquistas; y en la serie ninguno tiene rasgos guerreros, hay un par pero la talla es muy pequeña.  “Representan a la nobleza indígena como una bola de gordos, ciegos, flacos y es un error grave. Reproduce esta idea de que los indígenas eran tontos, flacos, mal alimentados, todo esto que ha justificado la conquista y la supremacía clasista de algunos sectores sociales sobre otros en México”.   ",Series de televisión convierten la historia de México en todo un show,http://www.eluniversal.com.mx/espectaculos/convierten-la-historia-en-un-show,eluniversal,www.eluniversal.com.mx,543,6
140ce82d0dbb50a5714abef28e406456," Leer en español Members of the Jalisco New Generation Cartel (CJNG) are using drones full of explosives to attack their rivals in Tepalcatepec, Michoacán. Journalist Denise Maerker revealed the information and explained the drug cartel uses C-4, an explosive used during wars. In an interview with local vigilante groups, they said that after a clash with the deadly cartel they found two drones and four explosives. This way, vigilantes discovered the CJNG is creating new weapons by strapping bombs to the devices. Vigilante groups emerged in the region known as “Tierra Caliente” years ago after criminal organizations terrorized entire communities. However, the region registered a sudden surge in violence on July 25, when criminals attacked the Tepalcatepec vigilante group in a bid to gain control over the community. Recommended: Colombian authorities deliver major blow to the Jalisco New Generation Cartel This is not the first time the Jalisco New Generation Cartel uses drones. The Attorney General’s Office launched an investigation in May and the drug cartel now faces organized crime and terrorism charges. Back in May, the Attorney General’s Office found several drones and C-4 explosives in Puebla. The CJNG also used these types of explosives in Guanajuato.  Tierra Caliente Tierra Caliente is region located in the Michoacán. During the last decade, the region has registered a surge in crime and violence due to the presence of violent cartels such as CJNG, Los Viagras, Los Caballeros Templarios, and La Familia Michoacana. Vigilante groups operate in the region to protect themselves from the criminals since 2013. This region is characterized by violence, crime, poverty, and drug trafficking.  Recommended: Jalisco New Generation Cartel releases new video, guarantees peace in Guanajuato  The CJNG The CJNG was originally known as the Zeta Killers and first appeared in 2011, with the display of the bodies of 35 alleged members of Los Zetas. Although the criminal organization is based in Jalisco, it also operates in Colima, Michoacán, the state of Mexico, Guerrero, and Guanajuato. The Cártel Jalisco Nueva Generación allegedly served as an armed group for the Sinaloa Cartel until 2013. In 2015, the Mexican government declared CJNG one of the most dangerous cartels in the country. In October 2016, the U.S. Department of the Treasury described the group as one of the world’s “most prolific and violent drug trafficking organizations.” According to some analysts, the CJNG has operations throughout the Americas, Asia, and Europe.   Moreover, the brutal Mexican cartel has been linked to several mass graves in southwestern Mexico and shot down an army helicopter in 2015. The Jalisco New Generation Cartel distributes drugs in Los Angeles, New York, Chicago, and Atlanta. Furthermore, this drug trafficking organization is “one of the most powerful and fastest-growing cartels in Mexico and the United States” as it has a presence in at least 24 of 32 Mexican states. This drug cartel is characterized by its rapid expansion and its willingness to “engage in violent confrontations with Mexican Government security forces and rival cartels.”  Nemesio Oseguera Cervantes, “El Mencho” The DEA, the U.S. Drug Enforcement Administration, labeled Nemesio Oseguera Cervantes, better known as “El Mencho,” as the most wanted man, even before cartel leaders with a long history such as Ismael ""El Mayo"" Zambada and Rafael Caro Quintero. In the U.S., the DEA placed billboards all over Los Angeles, California, offering a USD 10 million reward in exchange for information that leads to the arrest of Nemesio Oseguera Cervantes. In 2018, the drug trafficker was named the third most wanted criminal by the DEA. In recent months, the drug lord’s inner circle was severely weakened after his son was extradited to the U.S. and the arrest of Jessica Johanna Oseguera Gonzalez, “La Negra.” According to authorities, they were the criminal’s main financial operators.   According to the DEA, the drug trafficker has created a clandestine safety zone in the mountainous areas in Jalisco, Michoacán, and Colima. The criminal does not set foot in major cities or restaurants and lives in the mountains. This strategy is common among cartel leaders. Although “El Mencho” joined crime in the 90s, he became an infamous cartel leader in the last 5 years and it’s now the most wanted man by the DEA In 1994, the infamous cartel leader was sentenced to 3 years in prison for heroin trafficking in the U.S. He was later deported to Mexico, worked as a police officer in Jalisco, and then joined the now-defunct Milenio Cártel. When the cartel leader, Ignacio Coronel “El Rey del Cristal,” was murdered in 2010, the CJNG was created.   During the Peña Nieto administration, authorities spent over MXN 5 million a day to arrest “El Mencho.” gm ",The Jalisco New Generation Cartel uses drones armed with C-4 explosive to kill its rivals,https://www.eluniversal.com.mx/english/jalisco-new-generation-cartel-uses-drones-armed-c-4-explosive-kill-its-rivals,eluniversal,www.eluniversal.com.mx,715,14
a5e26c505a1ccd5c8d499fac43eb730f," Ecatepec.- En el Estado de México se instalaron 85 módulos en 45 distritos electorales para que los ciudadanos puedan firmar y apoyar la iniciativa de llevar a juicio a los expresidentes de la República, informó Rafael Garcia Moreno, integrante de la dirigencia estatal de Morena.   Este domingo se llevó a cabo la segunda jornada de la consulta ciudadana en el Estado de México. El sábado se colocaron 50 módulos de recepción de firmas en los que se recopilaron 4 mil 500 y la estimación es que hasta el 15 de septiembre se obtengan 450 mil en la entidad mexiquense.   La iniciativa busca someter a juicio a los exmandatarios Enrique Peña Nieto, Felipe Calderón, Vicente Fox, Ernesto Zedillo, y Carlos Salinas de Gortari, por presuntos actos ilícitos que hayan causado afectaciones o daños graves al país, y que se inicie un procedimiento judicial garantizando el debido proceso.   El diputado local de Morena, Faustino de la Cruz, dijo que en los recorridos en comunidades y asambleas vecinales que realiza, la gente ha manifestado interés en participar, para opinar con su firma e impulsar la consulta nacional, como parte de las nuevas prácticas democráticas de la 4T.    “Por primera vez en la historia los ciudadanos, tienen la posibilidad de iniciar un proceso para que se pueda enjuiciar a los expresidentes que dejaron en un grave rezago, en la miseria a una gran parte del país, y la corrupción debe de castigarse, de señalarse, y no permitir que haya impunidad”, expresó.   De acuerdo con la ley Federal de  Consulta Popular se requiere el respaldo de al menos 2 % de las personas inscritas en la Lista Nominal de Electores, lo que significa reunir un millón 800 mil firmas que deberán entregarse antes del 15 de septiembre ante el Senado.    Después de que se reúnan las firmas requeridas se tendría que presentar la solicitud ante la Cámara de Senadores para dar trámite a un proceso de Consulta Ciudadana, como un mandato popular, que pueda practicarse en la próxima elección federal, que será el primer domingo de junio de 2021.   “Hoy son otros tiempos en la vida democrática del país, aunque los poderes fácticos tienen todavía los recursos y los medios, han sido rebasados por la ciudadanía, si seguimos en esta ruta vamos a poder recomponer el país”, dijo el diputado de Ecatepec.   lr ",Recolectan firmas en Ecatepec para respaldar juicios contra expresidentes,https://www.eluniversal.com.mx/metropoli/recolectan-firmas-en-ecatepec-para-respaldar-juicios-contra-expresidentes,eluniversal,www.eluniversal.com.mx,192,6
019de8291a956d05c0f4025977e2a276,"  Que tan hondo habrá calado en el ánimo morenista la decisión del PT de llevarse a Mauricio Toledo y a Héctor Serrano a sus filas —para que Gerardo Fernández Noroña presida la Mesa Directiva de la Cámara de Diputados—, que hasta en la propia bancada de Morena ya están dudando si votar por ellos en lugar del PRI para suceder en esa posición a Laura Rojas. Nos recuerdan que no solamente es ganar en el número de diputados al PRI, sino que también deben alcanzar un acuerdo político para tener mayoría calificada, es decir, las dos terceras partes de los diputados presentes. Algunos legisladores de Morena nos hacen ver su molestia, primero por los “fichajes” petistas y dos, porque ven indefendible que Fernández Noroña presida la Mesa Directiva pues el artículo 18 de la Ley Orgánica dice: “para la elección de los integrantes de la Mesa Directiva los grupos parlamentarios cuidarán que los candidatos cuenten con una trayectoria y comportamiento que acrediten prudencia, tolerancia y respeto en la convivencia, así como experiencia en la conducción de asambleas”.  Alberto Anaya no logra ver a AMLO  Nos dicen que el viernes pasado vieron, muy pensativo, al dirigente de PT, Alberto Anaya, en área de arribo de la Terminal 2 del AICM. Don Alberto esperaba al presidente Andrés Manuel López Obrador, quien regresaba de Reynosa, Tamaulipas, luego de concluir una gira de tres días por el norte del país. Sin embargo, el líder partidista no pudo saludar al titular del Ejecutivo quien desde la pandemia usa una salida distinta a la de todos los pasajeros, por lo que, junto con el coordinador del PT en San Lázaro, Reginaldo Sandoval, no tuvo más que entrar a un exclusivo restaurante de la terminal aérea. Todo esto se dio luego de que el PT engrosara sus filas con ex ""adversarios"" Mauricio Toledo y Héctor Serrano y ahora flamantes petistas.  Mujeres a la cabeza en el Legislativo  Este sábado, el presidente Andrés Manuel López Obrador recibió a las presidentas de la Cámara de Diputados, la panista Laura Rojas Hernández, quien también encabeza al Congreso de la Unión, e hizo lo propio con su paisana, la senadora por Tabasco, presidenta de la Cámara Alta, la morenista Mónica Fernández Balboa, a quien tocó conducir la Comisión Permanente en los pasados cinco meses de pandemia. Doña Laura reconoce que tuvieron una relación ""respetuosa y de colaboración institucional"", y doña Mónica dijo que entre poderes hubo relación de respeto y diálogo republicano. Todo indica que la siguiente oportunidad, en este sexenio, para que haya dos presidentas legislativas será hasta septiembre de 2023. Más de una legisladora espera que esa coincidencia ya no sea la excepción.  Víctimas olvidadas por el Covid-19  Este domingo se conmemora el Día Internacional de los Desaparecidos; por ello Comité Internacional de la Cruz Roja lanzará un vídeo musical para hacer el reconocimiento de cientos de familias que buscan a algún ser querido. Al menos en México, la cifra oficial son cerca de 75 mil desaparecidos actualmente. Organizaciones civiles dedicadas a la búsqueda de personas nos hacen ver que en medio de la tragedia por Covid-19 las autoridades se han hecho ojo de hormiga con este tema. Prueba de ello es que todavía sigue acéfala la Comisión Nacional de Víctimas.   Morena questions the PT        ",Morena ya no esta tan seguro de apoyar al pt,http://www.eluniversal.com.mx/opinion/periodistas-el-universal/morena-ya-no-esta-tan-seguro-de-apoyar-al-pt,eluniversal,www.eluniversal.com.mx,291,5
ca420a7b7fb7a0b24eadf72bb8862cd6,"  Después de la revolución rusa de 1917, se impuso la idea de que “no hay más ruta que la nuestra” y quien no la siga es traidor. Se estaba con éstos o con aquéllos y punto, no había ni terceras vías ni neutralidad, mucho menos crítica o desacuerdo posibles.  Por aquel entonces, vivió György Lukács, filósofo nacido en Hungría, estudioso de la literatura y participante en la vida política de su tiempo, que ocupó puestos importantes en el Partido Comunista y en los gobiernos de su país y varias veces fue expulsado de ellos, porque escribía algún texto que no decía lo que en aquel momento era aceptado por el poder político o por la moda intelectual. Además se le obligaba a retractarse públicamente y hacer duras autocríticas.  Lo mismo pasaría después en la China de Mao y la Cuba de Fidel, en la España de Franco, la Nicaragua de Somoza y el Chile de Pinochet, en la Uganda de Idi Amin, el Irak de Sadam, la Libia de Gadafi, la Turquía de Erdogán, la Rusia de Putin y la Venezuela de Maduro. En todas esas situaciones se conminó a quienes no estaban de acuerdo con el líder supremo, a guardar para mejores tiempos el recuento de los errores y la crítica a las decisiones y a los métodos y ¡ay de aquel que no obedeciera porque entonces sufría el enojo, el insulto, la acusación de traición, la conversión en enemigo, el castigo!  La historia de Lukács pone sobre la mesa una situación con la que podemos sentirnos identificados en el México de hoy: se trata de un pensador que se percataba de que las cosas no podían ser entendidas ni decididas ni resueltas de la manera como se lo hacía, pero que no podía ser crítico porque el momento, le decían, no era adecuado para disensiones y desviaciones “peligrosas” y había que dejar de lado todo lo que no apuntara de manera unívoca, directa e inmediata a sostener “los supremos intereses de la lucha política y social”, la cual, le aseguraban, se hacía en aras de “los intereses del pueblo”.  Me dirán que exagero. Que nada de lo que está sucediendo en nuestro país es indicio de algo parecido. Pero la historia no miente y ella ya nos enseñó cómo van sucediendo las cosas.  Lo anterior es parte de un artículo que publiqué hace algunas semanas en la revista Nexos. Terminaba ese texto diciendo: ¿Cuánto tiempo falta para que nos digan sobre qué debemos escribir, pintar y componer, investigar, cantar y bailar? ¿cuánto tiempo para que nos digan con qué herramientas lingüísticas, pictóricas, musicales, científicas y discursivas debemos hacerlo? ¿cuánto tiempo para que se determine que quien no siga las consignas es enemigo y debe ser castigado? ¿cuánto tiempo para que haya que quitarse un pedazo de cerebro y aceptar cualquier acción, cualquier declaración y cualquier decisión del líder como si fuera la verdad divina y revelada de quienes se sienten encarnando “el lado correcto de la historia”?  Evidentemente, no me percaté de que ese tiempo ya había llegado. El castigo impuesto desde el poder a esa revista, los reclamos constantes a académicos, periodistas y medios de comunicación que no bailan al son que se desea y la propuesta del partido Morena para reformar la ley y así poder prohibir que se investiguen ciertos asuntos incómodos y obligar a que la información tenga que ser la misma de la versión oficial de los hechos, indica que mis preguntas no eran para nada exageradas y que esto no solamente no va a parar, sino a crecer.   Escritora e investigadora en la UNAM. [email protected]    ",Metafora 17 el lado correcto de la historia,http://www.eluniversal.com.mx/opinion/sara-sefchovich/metafora-17-el-lado-correcto-de-la-historia,eluniversal,www.eluniversal.com.mx,280,4
ba445749f7612b4c3d9942321a4057f8,"  El año pasado, el ala liberal del partido demócrata en los EU adoptó el Green New Deal, un “New Deal Verde”. En la lamentable campaña de 2016, ni Hillary, ni Trump tocaron el tema del cambio climático. Con la necesaria recuperación económica en los meses que vienen ¿volverán estos demócratas al New Deal Verde? Todos somos miopes y vivimos al día, olvidando el futuro.  ¿Y la opción nuclear? Cuando se le menciona, surgen los fantasmas de Hiroshima y Nagasaki, Chernobyl y Fukushima, y preferimos soñar con energías alternativas, vientos, mares, hidrógeno y nos tranquilizamos con la idea de comer menos tacos, renunciar a las hamburguesas, incluso olvidarse de la carne, usar menos el aire acondicionado, comprar un coche híbrido: unas gotas en el mar. La buena voluntad individual no puede lograr lo que la voluntad política general.  ¿Por qué menciono la opción nuclear? Despierta pasiones como los OGM, de manera que la discusión racional es muy difícil. Sin embargo, citaré al especialista francés Jean-Marc Janovici: “La energía nuclear civil presenta la triple ventaja de utilizar una suma de energía concentrada, semejante en eso a los hidrocarburos (de hecho, la cantidad de energía disponible por unidad de peso es muy superior para el uranio), de emitir muy poco gas con efecto invernadero (calidad que comparte con ciertas energías renovables) y de emplear una tecnología que puede instalarse a gran escala bastante rápidamente”. Si debemos salir de la etapa de las energías fósiles que amenazan al planeta, si es una prioridad mundial, ¿cómo lograrlo sin recurrir a la energía nuclear? En 2007, el Foro Europeo por la Energía Nuclear pidió a la Comisión Europea que declare “un apoyo sin ambigüedades a la energía nuclear para cumplir el objetivo de reducir en un 20% las emisiones de gases de efecto invernadero en 2020”. No se dio el apoyo, al contrario, Alemania renunció a sus centrales nucleares y lo compensó con el aumento de actividad de sus centrales térmicas; 45% de la energía alemana proviene de un carbón sucio y seis de las diez centrales más contaminantes de Europa son alemanas. No debe sorprendernos que, lejos de reducir las emisiones, Europa, como el resto del mundo las aumentó. Además, hipócritamente, Alemania compra a Francia la electricidad de las centrales nucleares galas…  ¿Entonces? China y Rusia construyen centrales nucleares técnicamente mejoradas, tanto en su territorio como en el resto del mundo, y afirman que esta es su contribución a la “descarbonización” del mundo. Los mal pensados podrán decir que eso le permite a Rusia aumentar sus ventas de hidrocarburos, pero lo cierto es que estos países optaron por lo nuclear, siguiendo el ejemplo de Suecia y de Corea del Sur. El año pasado se publicó un libro muy interesante: A Bright Future. How Some Countries Have Solved Climate and the Rest Can Follow. Uno de los dos autores, Staffan Qvist, es un ingeniero sueco que habla de su país, y el otro, Joshua Goldstein, es un especialista en relaciones internacionales.  Suecia adoptó la opción nuclear, sobre el modelo francés, en los años 1970 cuando no se hablaba de cambio climático; lo hizo porque aumentar la parte de la energía hidráulica hubiera afectado demasiado a la naturaleza, y porque las repetidas crisis bélicas en el Medio Oriente no garantizaban la entrega de petróleo. Entre 1970 y 1990, Suecia construyó una docena de plantas nucleares en cuatro sitios, de las cuales ocho siguen en actividad y dan 40% de la electricidad nacional; la hidroelectricidad proporciona otro 40%, y la eólica completa. La sociedad mexicana debería abrir el debate sobre su futuro energético. Historiador    ",Energia limpia,http://www.eluniversal.com.mx/opinion/jean-meyer/energia-limpia,eluniversal,www.eluniversal.com.mx,321,2
