body,title,url
"

El año pasado, el ala liberal del partido demócrata en los EU adoptó el Green New Deal, un “New Deal Verde”. En la lamentable campaña de 2016, ni Hillary, ni Trump tocaron el tema del cambio climático. Con la necesaria recuperación económica en los meses que vienen ¿volverán estos demócratas al New Deal Verde? Todos somos miopes y vivimos al día, olvidando el futuro.

¿Y la opción nuclear? Cuando se le menciona, surgen los fantasmas de Hiroshima y Nagasaki, Chernobyl y Fukushima, y preferimos soñar con energías alternativas, vientos, mares, hidrógeno y nos tranquilizamos con la idea de comer menos tacos, renunciar a las hamburguesas, incluso olvidarse de la carne, usar menos el aire acondicionado, comprar un coche híbrido: unas gotas en el mar. La buena voluntad individual no puede lograr lo que la voluntad política general.

¿Por qué menciono la opción nuclear? Despierta pasiones como los OGM, de manera que la discusión racional es muy difícil. Sin embargo, citaré al especialista francés Jean-Marc Janovici: “La energía nuclear civil presenta la triple ventaja de utilizar una suma de energía concentrada, semejante en eso a los hidrocarburos (de hecho, la cantidad de energía disponible por unidad de peso es muy superior para el uranio), de emitir muy poco gas con efecto invernadero (calidad que comparte con ciertas energías renovables) y de emplear una tecnología que puede instalarse a gran escala bastante rápidamente”. Si debemos salir de la etapa de las energías fósiles que amenazan al planeta, si es una prioridad mundial, ¿cómo lograrlo sin recurrir a la energía nuclear? En 2007, el Foro Europeo por la Energía Nuclear pidió a la Comisión Europea que declare “un apoyo sin ambigüedades a la energía nuclear para cumplir el objetivo de reducir en un 20% las emisiones de gases de efecto invernadero en 2020”. No se dio el apoyo, al contrario, Alemania renunció a sus centrales nucleares y lo compensó con el aumento de actividad de sus centrales térmicas; 45% de la energía alemana proviene de un carbón sucio y seis de las diez centrales más contaminantes de Europa son alemanas. No debe sorprendernos que, lejos de reducir las emisiones, Europa, como el resto del mundo las aumentó. Además, hipócritamente, Alemania compra a Francia la electricidad de las centrales nucleares galas…

¿Entonces? China y Rusia construyen centrales nucleares técnicamente mejoradas, tanto en su territorio como en el resto del mundo, y afirman que esta es su contribución a la “descarbonización” del mundo. Los mal pensados podrán decir que eso le permite a Rusia aumentar sus ventas de hidrocarburos, pero lo cierto es que estos países optaron por lo nuclear, siguiendo el ejemplo de Suecia y de Corea del Sur. El año pasado se publicó un libro muy interesante: A Bright Future. How Some Countries Have Solved Climate and the Rest Can Follow. Uno de los dos autores, Staffan Qvist, es un ingeniero sueco que habla de su país, y el otro, Joshua Goldstein, es un especialista en relaciones internacionales.

Suecia adoptó la opción nuclear, sobre el modelo francés, en los años 1970 cuando no se hablaba de cambio climático; lo hizo porque aumentar la parte de la energía hidráulica hubiera afectado demasiado a la naturaleza, y porque las repetidas crisis bélicas en el Medio Oriente no garantizaban la entrega de petróleo. Entre 1970 y 1990, Suecia construyó una docena de plantas nucleares en cuatro sitios, de las cuales ocho siguen en actividad y dan 40% de la electricidad nacional; la hidroelectricidad proporciona otro 40%, y la eólica completa. La sociedad mexicana debería abrir el debate sobre su futuro energético.
Historiador

 
",,http://www.eluniversal.com.mx/opinion/jean-meyer/energia-limpia
"
Hace dos años que busco al líder que nos abra las hojas del portón del Palacio Nacional. Ese es el encargo secreto que me ha asignado la cúpula del Neoliberalismo: encontrar al hombre que pueda regresarnos al Poder. 
Y es raro que no logre encontrar a ese líder providencial, porque como grupo ideológico, hoy gozamos de circunstancias admirables. 
Una unidad sin igual: nos une el rechazo unánime al Bobo que preside sobre la Nación. Tampoco nos falta narrativa: como el Bobo diario informa de lo que ha hecho y de lo qué hará, y como no es lo que dicta nuestro ideario, cada día hay más yerros frescos por los que denostarlo. 
Además, no nos faltan lugares para expresar nuestro enfado. En los foros de debate televisivos siempre somos todos del mismo credo, y si acaso se cuela algún bribón izquierdoso, a pura pedrada verbal lo aplacamos. 
Es rarísimo. Vencemos en cada foro de la televisión, y sin embargo mientras más triunfamos menos distingo a nuestro líder. 
Entre los candidatos que observo, hay tres que prometen. Está el Emiliano el Ladrador: su furia contra el Presidente se expresa en do mayor, (pero acaso de forma demasiado ladrada). Está el Expresidente: socarrón, ocurrente y sobre todo audaz, (dado que critica al Bobo estando a dos pasos de un juicio por actos de genocidio). Y está el Intelectual Elegante, que destila su veneno en gotero, en gotas espaciadas y doradas (y acaso incomprensibles para el pueblo). 
Joder con el maldito pueblo: en él reside en realidad nuestro problema: resulta que para ganar la próxima elección tenemos que convencer a esa multitud ignorante. Me encojo de terror: creo haber dado en el corazón del asunto. 
Luego entonces, ¿dónde puedo encontrar a un hombre con una narrativa que no sea el puro rechazo al Bobo, y que abarque un tramo, así sea pequeño, de promesa de futuro para el pópolo? 
El otro día se lo consulté al albañil que ponía en mi cocina los adoquines del suelo. (Una medida de mi desesperación: hablar directamente con el pueblo.) Lo que me dijo, hincado en la cocina, esparciendo con la paleta el cemento, detrás de su tapabocas y sus gafas, fue de alguna y remota forma iluminador. 
Don Gerardo me dijo que en los treinta años en los que los neoliberales reinamos en la Nación, a él le fue no mal, sino pésimo. 
No solo no pudo construirse una casa propia, los servicios públicos que el Estado le daba gratis se deterioraron: el hospital y la escuela para sus hijos se volvieron de espanto y dejaron de haber espectáculos gratuitos. Y mientras su patrón, un señor apellidado Higa, se volvía “archi reputri millonario el cabrón” (sus palabras textuales) y por su televisor pasaban inauditos escándalos de corrupción, en que las cifras del dinero eran de fábula, su salario no subió “un solo puto peso”. 
—¿Quieres ser nuestro líder? —le pregunté sentado al mostrador de granito de la cocina, bebiendo un daiquirí, (con todo y sombrillita). 
—Si pagan, cómo no —contestó el pueblo hincado junto a mis mocasines, colocando el primer adoquín. 
Ayer presenté a don Gerardo el Albañil en el zoom semanal de la cúpula neoliberal. En su curiosísimo dialecto repitió su crítica al neoliberalismo y las cabecitas en la pantalla fueron asintiendo. 
¡Tenemos líder! 
Ahora solo nos falta extraer de su crítica una nueva narrativa de futuro que ofrecerle a la Nación. 
 
",,http://www.eluniversal.com.mx/opinion/sabina-berman/una-oposicion-sin-futuro
"
La pandemia del Covid-19 genera una devastación económica en el país, ante la cual el Congreso y, en particular, el Senado, tiene la disposición de revisar un ingreso mínimo para cada ciudadano, y el problema que se tiene que resolver es determinar la fuente de recursos que absorban ese apoyo, dice el coordinador de Morena en la Cámara Alta, Ricardo Monreal Ávila.
Manifiesta el advenimiento de un nuevo orden internacional, que motive debates, a los que México está abierto, en los parlamentos del mundo, uno de los cuales sería la política progresiva fiscal, con la mira de que ""unifiquemos criterios y podamos impulsar medidas similares en razón de la devastación económica que va a generar el coronavirus en el mundo"".
Con la cercanía del inicio del tercer año legislativo, del proceso electoral 2020-2021, y en medio de la emergencia sanitaria, Monreal Ávila, en entrevista en su oficina de la Junta de Coordinación Política (Jucopo) del Senado, rechaza que fuerzas morenistas externas a la Cámara Alta afecten a la fracción parlamentaria. Explica que abona a ello que él no entra en disputas por ""pedazos de poder"".
Dice que el Senado mismo está blindado de las tormentas políticas, y ello lo posibilita su ""acuerdo de caballeros"", con el Bloque de Contención --formado por la oposición del PAN PRI, MC y PRD--, que se basa en el cumplimiento de la palabra. Con los coordinadores parlamentarios, ""nosotros nos ponemos de acuerdo, e intentamos respetar cada posición y no introducirnos a la vorágine de la política partidista, ni a la vorágine de la actitud facciosa"".
También lee: Se reúne AMLO con presidentas del Senado y San Lázaro
Monreal Ávila tiene formación política y parlamentaria adquiridas en una trayectoria de más de cuatro décadas, en que ha recibido apoyo de personajes como José Luis Lamadrid Souza, Luis Donaldo Colosio Murrieta, José Trinidad Lanz Cárdenas y Genaro Borrego Estrada, entre otros.
 ¿Cómo siente el tiempo político inmediato?
– Es un momento complicado. El Congreso se va a centrar en medidas de emergencia económica y legislativas que restauren la confianza ciudadana. Hay más de cien temas en la agenda legislativa; sólo en materia de justicia, 41 proyectos, así como la Ley del Sistema de Ahorro para el Retiro y la reforma de Cannabis, por concluir.
El trabajo legislativo va a sufrir profundas modificaciones a consecuencia de la pandemia. Una de ellas es el Congreso Digital. Estamos en ese proceso para que en el próximo periodo de sesiones lo podamos hacer realidad.
 ¿Hasta dónde desarrollar legislación económica?
– Estamos en disposición de revisar la legislación para atenuar el impacto que va a tener el coronavirus en la economía nacional. Un grupo plural de senadores, con los titulares de Hacienda y Economía, buscan alternativas de ingreso básico para los ciudadanos mexicanos.  No basta diseñar un apoyo, con el que todos estamos de acuerdo, el problema es de dónde se va a obtener ese recurso.
Por ello, es clave la política progresiva fiscal, tema que en el mundo vamos a debatir. Ya hay iniciativas de otros parlamentos para que unifiquemos criterios y podamos impulsar medidas similares en razón de la devastación económica que va a generar el coronavirus en el mundo.
También lee: Batres rechaza a Ramírez Aguilar para encabezar Mesa Directiva del Senado
No van a variar mucho las medidas que se tomen en los próximos años, hoy más que nunca habrá un nuevo orden mundial, y habrá esquemas similares en los parlamentos del mundo, no pueden variar, y México está abierto, tenemos que prepararnos a ese tipo de advenimientos y de presencia urgente en materia legislativa y de actualización normativa mundial.
 ¿La bancada de Morena refleja la situación del partido? ¿Tiene fraccionamientos?
– Hay respeto entre todos, no hay pensamiento único. Este domingo 30 vamos a decidir la mesa directiva en urnas transparentes, ante dos notarios  públicos. No tenemos ningún problema interno, no lo vamos a tener.
 ¿En este primer tercio como mayoría, Morena se desarrolló, se desgastó?
– Adentro tenemos opiniones sobre una ley o reforma, pero nos une el pensamiento, acción, ideario político y las acciones públicas del Presidente de la República.
 ¿Los polarizan personajes de la corriente de Morena que están en el candelero público?
– No. Porque nosotros no nos metemos en la disputa de posiciones, puestos, pedazos de poder; estamos ajenos a eso. A mí en lo personal no me interesa en lo más mínimo estarle disputando espacios a nadie.
 ¿El Bloque de Contención es un pacto de caballeros?
– Pacto de caballeros. La palabra en la política se ha perdido y nosotros la hemos recobrado en el Senado. Lo que acordamos se respeta. 
También lee: Critican a PT por adhesión de legisladores
Veo al PAN, con Mauricio Kuri, un hombre honesto, rudo, firme en sus convicciones, con el que podemos dialogar con respeto. Veo a Miguel Ángel Osorio, del PRI, con una experiencia tras de sí impresionante, un político con una trayectoria indiscutible y con una sagacidad política importante. Dante Delgado, de MC, constructor de instituciones, quizás para mí el de mayor experiencia, mayor sabiduría política, actúa con sensatez y con oportunidad. Y Miguel Ángel Mancera, del PRD, quien es un buen jurista y una gente que se ha formado políticamente, con mucho sentido jurídico.
 ¿El Bloque de Contención blinda al Senado de tormentas políticas?
– Hasta ahora lo ha blindado, porque pareciera que no pasan por aquí, porque nos ponemos de acuerdo, e intentamos respetar cada posición y no introducirnos a la vorágine de la política partidista, ni a la vorágine de la actitud facciosa. Tratamos de mantener al Senado en un proceso de trabajo plural, coordinado, productivo para la nación.
 La austeridad de dos años debilita al Senado ante los retos que vienen?
– Nosotros nos desprendimos de mil 200 millones de pesos, 25 % del presupuesto, y no se afectó al trabajo legislativo. Se redujo la vida a que estaba acostumbrado el Senado. Ahora es un mundo austero, muy productivo en materia legislativa con menos recursos.
 ¿Vemos un Congreso, como elemento del Estado, robusto o la falta de recursos lo debilita?
– No. Cada vez más los legisladores se sacuden de la vieja ortodoxia de la dependencia del Ejecutivo. Cada día que pasa, se asumen como un ente equilibrador de los demás poderes; cobra autonomía el Congreso de la Unión. Somos un control real de los poderes.
",,http://www.eluniversal.com.mx/nacion/senado-esta-blindado-de-tormentas-politicas-monreal
"
Las Águilas del América sufrieron, pero lograron cortar una racha de dos derrotas consecutivas en el Guardianes 2020.
Los de Miguel Herrera vinieron de atrás para vencer 1-2 al Atlético de San Luis en el Alfonso Lastras, en una semana que lucía complicada con la lesión de Bruno Valdez.
PUEDES LEER: El gesto de Emanuel Aguilera a Bruno Valdez tras anotar gol
A continuación te dejamos cinco puntos claves en el triunfo de los azulcrema:
1.- A pesar de que al inicio aceptó un gol a pelota parada, la línea de cinco defensivamente ajustó y no volvió a tener problemas en tiros de esquina o tiros libres indirectos.
2.- Memo Ochoa tuvo una noche casi perfecta, con cuatro atajadas claves para conservar la ventaja.
3.- La media cancha funcionó en los dos sectores: defensivos destacando Fernando “Oso” González y ofensivo con las incursiones de Sebastián Córdova.
4.- Henry Martín encontró la contundencia y llegó a tres goles en el torneo.
5.- Sólo hubo un amonestado por parte de las Águilas, Richard Sánchez, y Miguel Herrera lo sacó para evitar alguna expulsión.
  
",Los puntos clave en el triunfo del América ante el Atlético de San Luis,http://www.eluniversal.com.mx/universal-deportes/futbol/puntos-clave-en-el-triunfo-del-america-ante-atletico-de-san-luis
"
El tweet que anunció el fallecimiento de Chadwick Boseman, conocido por su papel que realizó dentro de los Avengers, ha sido el que más ""Me gusta"" ha conseguido en la historia de la plataforma.
Twitter lo confirmó el sábado a través de su cuenta verificada en donde también dedicó unas palabras al actor que dio vida a Black Panther en el Universo Cinematográfico de Marvel (MCU, por sus siglas en inglés).
""Tweet con más me gusta. Un tributo digno de un rey"".
 

Most liked Tweet ever.
 A tribute fit for a King. #WakandaForever https://t.co/lpyzmnIVoP
 — Twitter (@Twitter) August 29, 2020

""Los fans se están uniendo en Twitter para celebrar la vida de Chadwick Boseman, y el tweet que se lanzó desde su cuenta la noche pasada es ahora la que más reacciones ha tenido en Twitter en toda su historia"", declaró la compañía.
También lee: Chadwick Boseman rodó una última aparición como Black Panther en Marvel antes de morir
Antes de dicha publicación, el tweet con más reacciones había sido del ex presidente de los Estados Unidos, Barack Obama en el 2017, el cual contó con más de 4.3 millones de 'me gusta'.
""Nadie nace odiando a otra persona por el color de su piel o por sus antecedentes o por su religión"", escribió Obama el 12 de agosto del 2017.
También lee: Chadwick Boseman luchó en privado contra el cáncer; su muerte impactó al mundo
La cuenta del protagonista de cintas como ""Capitán América: Civil War"", ""Black Panther"" y ""42"" compartió una imagen en blanco y negro del actor y la noticia que confirmaba su muerte. El mensaje se volvió tendencia de manera inmediata y consiguió más de 7 millones de 'me gusta'.
nrv
","Chadwick Boseman se vuelve rey de los ""Me Gusta"" con su último tuit",https://www.eluniversal.com.mx/espectaculos/chadwick-boseman-se-vuelve-rey-de-los-me-gusta-con-su-ultimo-tuit
" 0 % PULSO SOCIAL0 Google ha dado a conocer que ahora podrás utilizar la pantalla más grande de tu casa para participar en reuniones virtuales con tu familia y amigos, con tus compañeros de trabajo o para tomar clases gracias a la integración de Google Meet y Duo en Chromecast.
Hoy, las videollamadas son una herramienta indispensable para mantenernos en contacto con nuestros seres queridos, trabajar y estudiar. Pero pasar todo el día frente a la computadora puede llegar a ser cansado. Para evitar esta fatiga, el uso de otros dispositivos más allá del ordenador puede marcar la diferencia. 
A continuación, te presentamos nuevas formas de utilizar Google Meet y Duo que mejoran la experiencia de las reuniones en video. 
Google Meet en Chromecast
Con Google Meet en Chromecast puedes convertir cualquier habitación de tu casa en tu propia sala de conferencias, solo necesitas tu televisión o pantalla inteligente. 
Ya sea que desees alejarte de las notificaciones en tu móvil o computadora para estar más presente en una reunión, utilizar tu ordenador mientras escuchas y participas, o que quieras concentrarte mejor en la misma, la transmisión de una videollamada a tu TV puede ayudarte a ser más productivo y mantenerte enfocado.
Meet y Chromecast también pueden vincularse para simplificar el aprendizaje a distancia. Los estudiantes pueden ver a sus compañeros de clase y maestros en la TV mientras trabajan en sus computadoras, y los profesores pueden obtener una vista más amplia de sus alumnos durante la llamada. 

Foto cortesía Google
¿Cómo puedo utilizar Google Meet en la televisión de mi casa?
Para utilizar Google Meet en Chromecast deberás contar con una cuenta de Google, actualizar la última versión de Chrome y asegurarte de que tu dispositivo Chromecast tenga instalado el firmware más reciente. Esta función está disponible para todos los usuarios de Meet, y la transmisión funciona en Chromecast así como en televisores con Chromecast integrado.
Al utilizar Meet en Chromecast será necesario hacer uso de la cámara, el micrófono y el audio de tu computadora. Esta función es compatible con Chromecast de segunda generación o posterior. 

Foto cortesía Google
Estudiantes que tuvieron deslices en plena videollamada
Google Duo en Android TV
La pantalla de tu hogar no solo es útil para realizar reuniones de trabajo o tomar clases: también queremos mejorar las videollamadas personales, entre amigos y familiares.
En un esfuerzo por llevar la experiencia de las videollamadas a cada rincón del hogar, Google Duo llegará en una versión Beta a dispositivos Android TV en las próximas semanas. Así podrás iniciar llamadas individuales y grupales desde tu televisión, incluso si no tiene una cámara incorporada, simplemente hará falta conectar una cámara USB. 
TARJETA:

 
 
 

Ver esta publicación en Instagram

¿#SabíasQue hoy se celebra el #DíaInternacionalDelDiscodeVinilo por el aniversario de la invención del fonógrafo? Este invento fue generado en 1877 por Thomas Alva Edison Para más #curiosidades sigue nuestras redes sociales y visita de10.com.mx . . . . . #música #muyinteresante #sabíasque #descubre #entérate #conoce
Una publicación compartida de  De10.mx (@de10mx) el 12 Ago, 2020 a las 1:20 PDT


 ",,https://de10.com.mx/cultura-digital/google-meet-llega-chromecast-y-ahora-tus-videollamadas-seran-en-tu-tv
"

Priorizar es una característica del ser humano y de la sociedad. Así nos enseñan, así crecemos. Las pandemias o las catástrofes naturales que afectan a los pobres o a los muy pobres incomodan y mueven poco. Las que saltan continentes, como la actual, y llegan a la crema y nata del mundo incomodan e incordian más. Llamaré pandemia de la pobreza a quienes mueren por sus consecuencias.

Algunos datos. 1) Cada día perecen en el mundo de desnutrición 8,500 niños. 2) En 2017 fallecieron 6,3 millones menores de 15 años por causas prevenibles, entre ellos, 1,5 millones por diarreas. 3) Anualmente fenecen 50 mil mujeres por abortos inseguros; cinco millones sufren lesiones graves. 4) En 2018 murieron 1,5 millones por tuberculosis, de los cuales 250 mil padecían VIH. La lista puede ampliarse. Basten los datos anteriores para hablar de otro Mal radical —copio el término de Hannah Arendt— cuyas fauces engloban a las previas, la pandemia de la pobreza.

Las pandemias previas no requieren vacunas. Requieren intervenciones mayores: menos hurtos, justicia, disminución en natalidad, más políticos y empresarios ladrones en la cárcel, menor esperanza en el mundo venidero, mayor solidaridad…

El escenario anterior como preámbulo para adentrarse en el denodado “esfuerzo agudo” para encontrar la vacuna contra Covid-19 cuya inversión y listado de países ricos implicados cuestiona el “fracaso crónico”, su inmovilidad para disminuir males para los cuales se cuenta con soluciones: alimentos, hospitales para efectuar legrados, sueros y antidiarreicos, medicamentos para tratar sida y tuberculosis. Dos mundos: seres humanos nominados versus innominados.

Como señalé la semana pasada, los proyectos para encontrar la vacuna muestran los esfuerzos de los países ricos preocupados por detener o eliminar la pandemia: disminuir el número de muertos y reactivar la economía mundial son las metas. Tras ocho meses, la cifra de decesos es mucho menor —275,000— cuando se compara con los datos arriba mencionados. La muerte y los muertos son universales. Sus apellidos y nombres no lo son. Ignoro quién dijo “Geografía es destino”. Tenía razón: morir de hambre en Yemen o por Covid-19 en Chiapas es parte de la nauseabunda normalidad; fallecer en Nueva York debido al virus requiere y exige explicaciones gubernamentales. La necesidad de curar o prevenir la pandemia por Covid-19 opaca otras tragedias, entre ellas la pandemia de la pobreza, la pandemia de los políticos y sus funestas consecuencias.

Inglaterra, Alemania, Estados Unidos, Corea del Sur, China, Francia y otros países ricos, así como grandes grupos académicos como los Institutos Nacionales de Salud en EU o el Imperial College of London y farmacéuticas poderosas como Pfizer, Inovio, Sanofi o AstraZeneca, experimentan en pos de la vacuna. Quizás las vacunas estén disponibles a fin de año. Cuando se cuente con ellas, las campanas redoblarán, no para todos, sólo para los privilegiados.

Ernest Hemingway, autor de Por quién doblan las campanas, tomó el título de su novela de un poema de John Donne —Devotions Upon Emergent Occasions—, aplicable a las pandemias descritas al inicio y la producida por Covid-19: “Nadie es una isla, completo en sí mismo; cada hombre es un pedazo del continente, una parte de la masa. Si el mar se lleva un terrón, toda Europa queda disminuida, como si fuera un promontorio, o la casa señorial de uno de tus amigos, o la tuya propia. La muerte de cualquier hombre me disminuye porque estoy ligado a la humanidad: por consiguiente nunca hagas preguntas por quién doblan las campanas: doblan por ti”.

Inmersos en la epidemia —¿cuándo terminará?—, priorizar será necesario. Dudo que la distribución de la vacuna se ajuste a cánones éticos. Dudo que las prioridades políticas y comerciales tomen en cuenta a Donne, “…la muerte de cualquier hombre me disminuye porque estoy ligado a la humanidad”. Nuevamente no concluyo. Discutir cuestiones éticas es imperativo. Lo haré la próxima semana.
 
Médico y escritor

 
",,http://www.eluniversal.com.mx/opinion/arnoldo-kraus/vacunas-redoblaran-las-campanas
"
Durante su reunión plenaria, el grupo parlamentario de Morena en el Senado anunció que los principales temas de su programa legislativo abarcarán la respuesta a la pandemia por Covid-19; bienestar social y combate a la pobreza; derechos humanos; economía y sistema financiero; Estado de derecho, seguridad y justicia; medio ambiente; política exterior; reforma al Poder Legislativo Federal; transparencia y combate a la corrupción.
Para integrar la agenda, se recibieron 429 propuestas de los partidos en alianza: Morena, PT y Encuentro Social.  
El senador José Narro Céspedes dijo que para el caso del campo se plantea que se eleven a rango de derechos los precios de garantía, la producción para el bienestar y los programas Nacional de abasto y Sembrando Vida.
Lea también: Se revisará una nueva política fiscal en el próximo periodo de sesiones: Monreal
Posteriormente, en conferencia de prensa, el coordinador de la fracción parlamentaria, Ricardo Monreal Ávila, abundó que las prioridades de Morena serán las reformas al Poder Judicial, la ratificación de tratados internacionales en el tema de desapariciones forzadas; además de la iniciativa para la despenalización y regulación de la mariguana, e impulsar la eliminación del fuero presidencial.
""Tenemos otros temas de violencia de género, tenemos otros temas, yo quiero sacar el de comisiones bancarias, que es un tema del Sistema Financiero Mexicano"", dijo.
cev/nv
",Morena presenta su agenda legislativa para el próximo periodo de sesiones,https://www.eluniversal.com.mx/nacion/morena-presenta-su-agenda-legislativa-para-el-proximo-periodo-de-sesiones
"

Que tan hondo habrá calado en el ánimo morenista la decisión del PT de llevarse a Mauricio Toledo y a Héctor Serrano a sus filas —para que Gerardo Fernández Noroña presida la Mesa Directiva de la Cámara de Diputados—, que hasta en la propia bancada de Morena ya están dudando si votar por ellos en lugar del PRI para suceder en esa posición a Laura Rojas. Nos recuerdan que no solamente es ganar en el número de diputados al PRI, sino que también deben alcanzar un acuerdo político para tener mayoría calificada, es decir, las dos terceras partes de los diputados presentes. Algunos legisladores de Morena nos hacen ver su molestia, primero por los “fichajes” petistas y dos, porque ven indefendible que Fernández Noroña presida la Mesa Directiva pues el artículo 18 de la Ley Orgánica dice: “para la elección de los integrantes de la Mesa Directiva los grupos parlamentarios cuidarán que los candidatos cuenten con una trayectoria y comportamiento que acrediten prudencia, tolerancia y respeto en la convivencia, así como experiencia en la conducción de asambleas”.

Alberto Anaya no logra ver a AMLO

Nos dicen que el viernes pasado vieron, muy pensativo, al dirigente de PT, Alberto Anaya, en área de arribo de la Terminal 2 del AICM. Don Alberto esperaba al presidente Andrés Manuel López Obrador, quien regresaba de Reynosa, Tamaulipas, luego de concluir una gira de tres días por el norte del país. Sin embargo, el líder partidista no pudo saludar al titular del Ejecutivo quien desde la pandemia usa una salida distinta a la de todos los pasajeros, por lo que, junto con el coordinador del PT en San Lázaro, Reginaldo Sandoval, no tuvo más que entrar a un exclusivo restaurante de la terminal aérea. Todo esto se dio luego de que el PT engrosara sus filas con ex ""adversarios"" Mauricio Toledo y Héctor Serrano y ahora flamantes petistas.

Mujeres a la cabeza en el Legislativo

Este sábado, el presidente Andrés Manuel López Obrador recibió a las presidentas de la Cámara de Diputados, la panista Laura Rojas Hernández, quien también encabeza al Congreso de la Unión, e hizo lo propio con su paisana, la senadora por Tabasco, presidenta de la Cámara Alta, la morenista Mónica Fernández Balboa, a quien tocó conducir la Comisión Permanente en los pasados cinco meses de pandemia. Doña Laura reconoce que tuvieron una relación ""respetuosa y de colaboración institucional"", y doña Mónica dijo que entre poderes hubo relación de respeto y diálogo republicano. Todo indica que la siguiente oportunidad, en este sexenio, para que haya dos presidentas legislativas será hasta septiembre de 2023. Más de una legisladora espera que esa coincidencia ya no sea la excepción.

Víctimas olvidadas por el Covid-19

Este domingo se conmemora el Día Internacional de los Desaparecidos; por ello Comité Internacional de la Cruz Roja lanzará un vídeo musical para hacer el reconocimiento de cientos de familias que buscan a algún ser querido. Al menos en México, la cifra oficial son cerca de 75 mil desaparecidos actualmente. Organizaciones civiles dedicadas a la búsqueda de personas nos hacen ver que en medio de la tragedia por Covid-19 las autoridades se han hecho ojo de hormiga con este tema. Prueba de ello es que todavía sigue acéfala la Comisión Nacional de Víctimas.


Morena questions the PT 






",,http://www.eluniversal.com.mx/opinion/periodistas-el-universal/morena-ya-no-esta-tan-seguro-de-apoyar-al-pt
"

Después de la revolución rusa de 1917, se impuso la idea de que “no hay más ruta que la nuestra” y quien no la siga es traidor. Se estaba con éstos o con aquéllos y punto, no había ni terceras vías ni neutralidad, mucho menos crítica o desacuerdo posibles.

Por aquel entonces, vivió György Lukács, filósofo nacido en Hungría, estudioso de la literatura y participante en la vida política de su tiempo, que ocupó puestos importantes en el Partido Comunista y en los gobiernos de su país y varias veces fue expulsado de ellos, porque escribía algún texto que no decía lo que en aquel momento era aceptado por el poder político o por la moda intelectual. Además se le obligaba a retractarse públicamente y hacer duras autocríticas.

Lo mismo pasaría después en la China de Mao y la Cuba de Fidel, en la España de Franco, la Nicaragua de Somoza y el Chile de Pinochet, en la Uganda de Idi Amin, el Irak de Sadam, la Libia de Gadafi, la Turquía de Erdogán, la Rusia de Putin y la Venezuela de Maduro. En todas esas situaciones se conminó a quienes no estaban de acuerdo con el líder supremo, a guardar para mejores tiempos el recuento de los errores y la crítica a las decisiones y a los métodos y ¡ay de aquel que no obedeciera porque entonces sufría el enojo, el insulto, la acusación de traición, la conversión en enemigo, el castigo!

La historia de Lukács pone sobre la mesa una situación con la que podemos sentirnos identificados en el México de hoy: se trata de un pensador que se percataba de que las cosas no podían ser entendidas ni decididas ni resueltas de la manera como se lo hacía, pero que no podía ser crítico porque el momento, le decían, no era adecuado para disensiones y desviaciones “peligrosas” y había que dejar de lado todo lo que no apuntara de manera unívoca, directa e inmediata a sostener “los supremos intereses de la lucha política y social”, la cual, le aseguraban, se hacía en aras de “los intereses del pueblo”.

Me dirán que exagero. Que nada de lo que está sucediendo en nuestro país es indicio de algo parecido. Pero la historia no miente y ella ya nos enseñó cómo van sucediendo las cosas.

Lo anterior es parte de un artículo que publiqué hace algunas semanas en la revista Nexos. Terminaba ese texto diciendo: ¿Cuánto tiempo falta para que nos digan sobre qué debemos escribir, pintar y componer, investigar, cantar y bailar? ¿cuánto tiempo para que nos digan con qué herramientas lingüísticas, pictóricas, musicales, científicas y discursivas debemos hacerlo? ¿cuánto tiempo para que se determine que quien no siga las consignas es enemigo y debe ser castigado? ¿cuánto tiempo para que haya que quitarse un pedazo de cerebro y aceptar cualquier acción, cualquier declaración y cualquier decisión del líder como si fuera la verdad divina y revelada de quienes se sienten encarnando “el lado correcto de la historia”?

Evidentemente, no me percaté de que ese tiempo ya había llegado. El castigo impuesto desde el poder a esa revista, los reclamos constantes a académicos, periodistas y medios de comunicación que no bailan al son que se desea y la propuesta del partido Morena para reformar la ley y así poder prohibir que se investiguen ciertos asuntos incómodos y obligar a que la información tenga que ser la misma de la versión oficial de los hechos, indica que mis preguntas no eran para nada exageradas y que esto no solamente no va a parar, sino a crecer.
 
Escritora e investigadora en la UNAM. [email protected]

 
",,http://www.eluniversal.com.mx/opinion/sara-sefchovich/metafora-17-el-lado-correcto-de-la-historia
"
La sierra eléctrica no cesa, el sonido del taladro de concreto perfora mi cabeza cual máquina de dentista amplificada. El martilleo sobre el metal, con otros ruidos estridentes cuyo origen no identifico, cruzan la ventana de manera constante. La obra mayor que los vecinos decidieron hacer durante estas semanas de encierro —precisamente cuando más estamos en casa— pone a prueba la paciencia y la tolerancia de cualquiera. 
Desde niños nos enseñan a agradecer, tanto por lo que recibimos, como por lo que hay y tenemos. Los guías espirituales y terapeutas aconsejan: “Por las mañanas agradece tres cosas antes de empezar el día”; o bien: “Antes de acostarte escribe cinco cosas que tengas que agradecer”; también: “Lleva un diario de gratitud”. Sin embargo, este acto no siempre surge de manera natural, fácil o cómoda. 
En la vida siempre habrá bendiciones y lo contrario: contextos adversos a los que podemos reconocer como maestros. Es fácil agradecer las primeras cuando las cosas van como deseamos, cuando todo fluye y se da sin dificultades. Sin embargo, cuando aparecen esos maestros, en especial aquellos que por duros, exigentes o desfavorables nos hacen crecer a “golpe de martillo”, agradecer su existencia simplemente no nace. Mientras atravesamos un proceso difícil, sólo cerramos los ojos y apretamos el paso en espera de librar la tormenta.
Con el tiempo, volteamos atrás y agradecemos haber tenido aquel maestro que de momento nos hizo sufrir. Es entonces que nos percatamos de que, en realidad, haber vivido esa experiencia nos sacudió pero nos llevó a ser lo que somos y, de alguna manera, nos convirtió en mejores personas. 
Puede parecer algo tonto, empero, la experiencia de escuchar sin tregua el ruido de la construcción de mis vecinos, ha puesto a prueba lo que predico: la tolerancia y la paciencia para tener la capacidad de concentrarme en escribir, practicar la meditación, convivir con amabilidad y, al mismo tiempo, permanecer de buen humor… (¿todo el día, en serio?). 
También me ha llevado a percatarme del valor de la ausencia de ruido. Benditos ratos en los que escucho el silencio gracias a que las máquinas paran; ese “silencio” urbano que antes no apreciaba ni reconocía y que ahora por contraste se compara con la serenidad en la cima de una montaña sagrada. 
Los seres humanos, cretinos como somos, necesitamos trabajar mucho para valorar los días de descanso; pasar hambre para valorar la comida en la mesa; estar días en el hospital para apreciar un instante al aire libre; padecer enfermedades para valorar la salud. Y me pregunto, ¿cuántas otras cosas apreciamos por su ausencia cuando nos percatamos de que las considerábamos una obligación de la vida? 
Podemos pensar en nimiedades como son la ausencia de prisa, tráfico, del altero de platos por lavar; o en cuestiones más relevantes como la ausencia de angustia al ver los resultados del análisis de sangre en los rangos correctos; de dolor; de ansiedad al poder sacar de la cartera lo necesario para el gasto; o, también, en la ausencia de tensión con algún familiar.
Cuando esos aspectos se producen con espontaneidad, no valoramos lo que significan y cuánto contribuyen a la tranquilidad en nuestra vida. Y bien sabemos que la tranquilidad es lo más parecido a la felicidad. 
¿Qué ausencias en tu vida contribuyen a tu tranquilidad, lo has pensado? Aquellas que —al no estar, no ser, no suceder— hacen que tu día pase como “normal”. 
Te propongo agradecer a estos maestros, no sólo por las noches o al amanecer, sino durante el día; es una invitación a tener la conciencia abierta y percibir aquello que por su ausencia nos hace vivir mejor. 
",,http://www.eluniversal.com.mx/opinion/gaby-vargas/agradecer-la-ausencia
"
Santos y Querétaro llegan al encuentro de esta fecha con la intención de recuperarse, ya que ambos cayeron en su partido correspondiente a México - Liga MX - Guardianes 2020.
Puedes leer: ""Pumas golea a Xolos y se mantiene como el único invicto del Guardianes 2020""
Santos Laguna no quieren lamentar otra caída: 1 a 2 finalizó su partido frente a Necaxa. Querétaro viene de perder en su estadio ante Atlas por 0 a 1. El cotejo correspondiente a la Fecha 7 de México - Liga MX - Guardianes 2020 se juega hoy a las 21:06 en el estadio Corona.
 

 

En las últimas jornadas que jugaron entre sí, el local suma 3 triunfos y el visitante tiene 1 victoria. Terminaron igualados 1 partido. El local está en el décimo séptimo puesto con 5 puntos y 1 triunfo, mientras que el visitante llegó a las 7 unidades y se coloca en el décimo segundo lugar en el torneo.
  
","Santos vs Querétaro, En Vivo - Liga MX, Jornada 7",https://www.eluniversal.com.mx/universal-deportes/futbol/liga-mx-santos-vs-queretaro-en-vivo-jornada-7
"
El ejercicio es una de las actividades físicas que más consume energía y líquidos, por lo que el verdadero trabajo duro viene después de terminar con las rutinas. 

La etapa de recuperación surte efectos más acelerados cuando al cuerpo se le ayuda con la ingesta de alimentos equilibrados que tengan la capacidad de sustituir las propiedades que se perdieron con el esfuerzo físico. 

¿Por qué es tan importante comer después de ejercitarse?

Durante el ejercicio se agotan los niveles de glucógeno, una sustancia que se almacena en los músculos y el hígado, capaz de convertirse en la glucosa que el cerebro necesita para seguir funcionando. 

Según expertos del Medical News Today, al cuerpo le toma de 15 a 30 minutos reponerse después de hacer algún deporte o actividad que requiera resistencia. 

Una de las formas de ayudarlo a regresar a su estabilidad, reducir su fatiga, reparar los músculos y desarrollar la fuerza que necesita para los siguientes entrenamientos es a través de la comida y los refrigerios. 

Visita: Los 5 mejores ejercicios para tu cuerpo, según Harvard 

¿Qué comer después de ejercitarse?

Las proteínas, carbohidratos y grasas saludables son algunos de los mejores elementos que ayudan a la recuperación del cuerpo si son consumidos al menos una hora después del entrenamiento. 

La proteína ayuda a reparar y desarrollar los músculos, mientras que los carbohidratos estabiliza el azúcar en la sangre y evita que el cuerpo utilice a los músculos como una fuente alterna de energía. 

En tanto, el consumo de grasas saludables promueve la energía del cuerpo y puede ayudar a su recuperación más rápida. 

Alimentos que puedes consumir después de hacer ejercicio 

Un estudio publicado en la revista Nutrients en 2018 sugiere que el consumo de ciertos elementos como granos integrales, frutas, verduras, alimentos de origen animal, además de suplementos y batidos, son ideales para después del ejercicio. 

Proteína láctea 

De acuerdo con un informe publicado en la Revista de la sociedad Internacional de Nutrición Deportiva, al menos nueve gramos de proteína de la leche estimula la síntesis de proteína en los músculos y así llevar al cuerpo a una rápida recuperación. 

Estas proteínas se encuentran en el yogur griego, el queso ricotta, queso cottage y kéfir 

Huevos 

Un estudio publicado en The American Journal of Clinical Nutrition de Oxford sugiere que comer huevos enteros después de hacer deportes de resistencia ofrecen una mayor síntesis de proteínas que consumir sólo las claras, ya que las yemas ayudan a estimular los músculos de forma más efectiva. 

Ácidos grasos omega-3 

Científicos de la Facultad de Medicina de la Universidad de Washington señalan que los ácidos grasos estimulan la síntesis de proteínas musculares y ayuda a aumentar el tamaño de las células musculares de adultos jóvenes y de mediana edad. Además, ayudan a reducir el dolor muscular.

Los pescados, incluido el salmón y el atún, son ricos en ácidos grasos omega-3. 

Quinua 

Este grano integral está compuesto por carbohidratos y proteínas y está libre de gluten, lo que lo convierte en un alimento estrella. 

Ayuda al cuerpo a recuperarse del entrenamiento y a promover la digestión gracias a sus altos niveles de fibra. 

Más: 10 alimentos ricos en vitamina K que debes agregar a tu dieta

Aguacate 

Satisface el hambre por más tiempo y aporta una gran cantidad de grasas saludables que impulsan la energía. 

Verduras de hojas verdes

Las verduras ayudan a mantener un peso sano, brindan energía y reparan los músculos y huesos después del ejercicio gracias al calcio y hierro que contienen. Los mejores elementos son las espinacas, la col rizada, la rúcula y bok choy. 

Agua 

Es indispensable beber abundante agua durante y después de hacer ejercicio. Además de sustituir los electrolitos perdidos con el sudor, promueve un mejor rendimiento y la recuperación. 

Té de hierbas 

Los nutrientes de los tés de hierbas ayudan a procesar los carbohidratos y las proteínas de manera más efectiva. 

Un estudio de 2016 encontró que estas bebidas, en especial las hechas con yerba mate, ayudan a recuperar la fuerza corporal más rápido que el agua u otras bebidas hidratantes. 

 

No te pierdas de las últimas noticias de Vive Usa en Google News,  síguenos aquí
",,https://www.viveusa.mx/bienestar/que-alimentos-debes-comer-despues-de-hacer-ejercicio
"
Entre el estallamiento de la pandemia en México y la convocatoria a una eventual consulta para enjuiciar a expresidentes, el gobierno López Obrador ha recorrido seis meses que bajo cualquier régimen tradicional supondrían una pesadilla social y económica, con riesgos de estallidos sociales. Pero el Presidente asegura ver otra realidad, y ha convencido de ella a medio país.
Cuando ya está entre nosotros la peor crisis sanitaria y económica en 90 años, como no la ha presenciado virtualmente ningún mexicano vivo, López Obrador sostiene un nivel de aprobación (ligeramente encima del 50%) casi insólito aun para países con los básicos democráticos. El fenómeno parece ser producto de la indudable intuición popular del mandatario, así como de una amplia apuesta de los sectores más vulnerables, que forman lo que podría llamarse la nación de los esperanzados, dicho sea con respeto y sin ánimo peyorativo alguno. 
A este México que vive en los territorios de la esperanza (en realidad, ha debido hacerlo por décadas) no le interesan episodios como el circo montado en San Lázaro por un grupo de diputados mercenarios, de trayectoria podrida hasta el hueso, aceptados por Morena y sus aliados para conservar la presidencia de la Cámara, una posición casi honoraria —o que lo había sido hasta ahora.
En las comarcas de los esperanzados no sólo se acepta, se aplaude con ánimo de venganza ciega la idea de llevar a los expresidentes a la cárcel. Ahí creerán que fue culpa de los poderosos de antaño el que la consulta anunciada se frustre por no tener bases constitucionales, o que los presuntos delitos de los expresidentes, nuestros villanos favoritos, hayan prescrito. Rechazarán que todo haya sido urdido desde Palacio Nacional para mantener encendida la llama de la indignación, que siempre es un buen ingrediente en días de elecciones.
La “ola de esperanza” está cada vez más contenida geográficamente en el sur y sureste del país, pero se desplaza con firmeza hacia estados céntricos con alta población marginada; crea islotes en la capital del país, Puebla y Tlaxcala; se repliega en el Bajío y el noreste (la nación de las clases medias, escépticas ante los cambios abruptos), pero salpica hacia al noroeste (históricamente inclinado a experimentar).
El México de los esperanzados porta en su cultura la simbiosis entre la miseria y la muerte. Sus pobladores ya eran diezmados, masivamente, a causa de padecimientos que en otras regiones dejaron de ser preocupantes desde el siglo pasado. Son ellos los que ven morir todos los días a sus hermanos por Covid-19 (si es que reciben un diagnóstico), pero deciden creer que la pandemia ya está cediendo; admiran a un mentiroso compulsivo llamado Hugo López-Gatell, y suponen que el Seguro Popular sólo cambió de nombre por el de Insabi.
La nación de la esperanza, que sigue a un universo de distancia del país de la economía moderna (la que exporta, genera empleo y bienestar) sabe poco de los ciclos de la crisis, porque nunca han dejado de estar en ella. Forman parte del eufemismo llamado “economía informal”, lo que quiere decir vivir al día, arrancarle el dinero a la calle, al de al lado, a veces desde la criminalidad, para llevar alimentos a casa.
¿Cuántos de los mexicanos que viven y comen de la esperanza son reflejados auténticamente en las encuestas? ¿Cómo votará esa ola cuando sea convocada a defender su frágil asidero en la búsqueda de un mejor futuro, así sea mediante programas sociales? ¿Ganar así, vendiendo una esperanza que sabe etérea, no será una forma de derrota moral, una lacra en la historia? 
 
",,http://www.eluniversal.com.mx/opinion/roberto-rock-l/el-semestre-negro-o-no-de-amlo
"

Recrear la historia de México en la pantalla es complejo.

Así como hay títulos con buena documentación y se apegan más a los hechos, hay otros que, al ser productos de ficción, se toman licencias creativas que terminan distorsionando la realidad.

En los últimos años destacan títulos como Hernán, protagonizada por Óscar Jaenada, que a pesar del eco que tuvo, tiene errores importantes como la forma en que retratan a la nobleza: Moctezuma no pudo ser un hombre gordo.

Otros como Gritos de muerte y libertad, cuyo punto de partida es el grito de independencia, si bien es más apegado a la historia, no es tan detallado como sí lo hace el documental Malintzin: la historia de un enigma.
 También lee: Creadores de la serie ""Hernán"" producirán en inglés

Los investigadores coinciden en que, para volverse expertos o conocer la historia de México, estos programas de entretenimiento no son el lugar indicado, pero sí pueden ser un primer acercamiento que invite a indagar más.

“Es bastante interesante y valioso que exista la preocupación por la divulgación de la historia a través de los medios de comunicación”, señala la maestra en Historia Wendolin López.

“Deberíamos de tener cuidado con la forma en que nos relacionamos como público y mexicanos con los contenidos... No deja de ser ficción y una visión de la historia particular; cuando las vemos, no debemos de quedarnos sólo con la narrativa que nos cuentan”.

A punto de empezar el mes patrio en el que recordamos la Independencia de México, vale la pena revisar estos contenidos.


 

Un baño de historia poco detallado
La historia de Gritos de muerte y libertad arranca momentos antes del inicio de la Independencia de México en 1810 y la primera escena corresponde al grito, una de las más icónicas del país. 
“Imagino que fue a propósito para empezar fuerte e inmediatamente después nos transporta años antes de comenzar el movimiento para plantear el contexto”, dice el maestro Misael Martínez.
El experto señala que es complicado dar lectura a los hechos que sucedieron hace tanto tiempo y eso permite que se tomen licencias por ejemplo en la ropa. Además se asesoraron en historiadores de renombre e incluyen datos duros.
También lee: La historia del famoso fakir que duró 20 días clavado y fue visitado por Pedro Infante y Esperanza Iris
El punto en contra es que por tratarse de un producto para televisión no se presta para ser más detallado, cosa que podría hacerse en un documental. Funciona para “darse un baño de historia”. 

Se inventan un castillo de San Juan de Ulúa 
 Foto: FOX

La serie Sitiados: México, protagonizada por Alfonso Herrera, Eréndira Ibarra como Inés y Juan Manuel Bernal, entre otros, se sitúa en el siglo XVII en Veracruz. 
“Como historiador, uno puede entender los cambios o alteraciones en los hechos históricos: es una ficción, no un documental. Lo que me parece lamentable es que, contando con los recursos para realizar una producción de época ambiciosa, los valores de producción y el trabajo de ambientación histórica son mediocres, pobres”, señala el doctor Iván Escamilla, investigador del Instituto de Investigaciones Históricas de la UNAM.
Según el experto, en temas como el vestuario se mezclan prendas de un siglo anterior, no se recrearon correctamente los peinados de la época y la reconstrucción digital del puerto de Veracruz que se hace en el primer episodio es poco lograda y errónea al mostrar el castillo de San Juan de Ulúa terminado, cuando en esa época se estaba reconstruyendo.
Escamilla aplaude que se interesen por rescatar acontecimientos de la última parte del siglo XVII.
Sin embargo, explica que al tomarse tantas licencias sirve de poco para aprender de este periodo.
“Las libertades dramáticas deforman los hechos y circunstancias y la historia del ataque y captura de Veracruz en 1683 por el pirata holandés Laurent de Graaf, Lorencill.

Una clase para reivindicar a Malintzin
 Foto: CLARO VIDEO

En este caso no es una serie de ficción sino un documental. Para la doctora Berenice Alcántara Rojas era claro que la producción de Malintzin: la historia de un enigma quería realizar un producto de corte educativo o didáctico, que mostrara una imagen de Malintzin como una gran mujer para contrastar la imagen que difundió de ella el nacionalismo como una traidora.
También lee: Preparan programa conmemorativo de los 500 años de la caída de Tenochtitlan
“Buscaron tanto un asesor histórico como entrevistados que fueran académicos de instituciones internacionales de reconocido prestigio y que fueran conocedores de la época y el tema”.
En este caso las mayores licencias se tomaron en la ambientación (escenarios, vestuarios, maquillajes).
“Es un producto de calidad que cumple con su objetivo didáctico de ofrecer nueva información sobre este personaje y su época, y un nuevo punto de partida para mover la reflexión”.

El encanto del... porfiriato
 Foto: TELEVISA

Ambientada en la Revolución mexicana, El encanto del águila tuvo en su reparto a Ignacio López Tarso, Cecilia Suárez y Gerardo Trejoluna. De acuerdo con Walter Martínez Hernández, doctor en Historia de la UNAM, se invirtió mucho dinero y se formó un equipo de historiadores reconocidos.
“Lo más criticable del primer capítulo es que no presenta la otra historia del porfiriato”, señala. 
“Se deja de lado la lucha social, la inconformidad de la sociedad en contra del régimen. Esto tiene una significación porque, si tú expones una lucha social, de alguna manera fomenta a la conciencia de clase, si hablas del movimiento campesino, obrero y que hubo trabajadores que se rebelaron porque eran oprimidos, puedes entender que tú como trabajador y campesino puedes hacer lo mismo”.

Ridiculizan a la nobleza indígena
 Foto: DOPAMINE

Para el maestro en historia Erik Damián Reyes Morales la escenografía y vestuarios de la serie Hernán estuvieron bien logrados pero hay un problema estructural de una mala representación de la nobleza indígena en la serie protagonizada por Óscar Jaenada. 
También lee: ¿Qué pasó en la Batalla de Otumba?
“La nobleza prehispánica como la del resto del mundo antiguo era guerrera, ellos definían las batallas y conquistas; y en la serie ninguno tiene rasgos guerreros, hay un par pero la talla es muy pequeña. 
“Representan a la nobleza indígena como una bola de gordos, ciegos, flacos y es un error grave. Reproduce esta idea de que los indígenas eran tontos, flacos, mal alimentados, todo esto que ha justificado la conquista y la supremacía clasista de algunos sectores sociales sobre otros en México”.
 
",Series de televisión convierten la historia de México en todo un show,http://www.eluniversal.com.mx/espectaculos/convierten-la-historia-en-un-show
"
El Genk, equipo en el que juega el mexicano Gerardo Arteaga, cayó 1-2 ante el Brujas en juego de la jornada 4 de la Liga Júpiter de Bélgica.
Puedes leer: ""Kun Agüero 'bloquea' a Messi por posible llegada al Manchester City""
Los goles fueron marcados Vanaken apenas al minuto 1 de juego para el Brujas; por el Genk empató Bongonda de penalti a los 60, pero cerca del final Badji dio el triunfo se la visita a los 83'.
 

Einde van de wedstrijd. #krcgenk #gnkclu #mijnploeg pic.twitter.com/ObRALgDVZy
 — KRC Genk (@KRCGenkofficial) August 30, 2020

Arteaga en lo que fue su primer juego en la Liga belga, entró hasta el minuto 91, ya sin mucho para poder hacer. El Genk se encuentra en el décimo lugar de la tabla con cinco puntos, en tanto que el Brujas es quinto con apenas un punto más, seis.
 

 
  
",Gerardo Arteaga debuta oficialmente con el Genk,https://www.eluniversal.com.mx/universal-deportes/futbol/gerardo-arteaga-debuta-oficialmente-con-el-genk
" 70 % PULSO SOCIAL21 Todos sabemos que lo único malo de los perros es que no viven para siempre. Como dueños, siempre debemos pensar en cómo hacer que nuestro perro esté lo más sano posible para que nos dure muchos años en la familia.
De igual manera, cuando nuestros perros ya están viejitos, es importante ayudarlos para que se sientan jóvenes y no den el viejazo tan pronto. Por eso es importante que como dueños responsables pongamos especial atención a las etapas de vida de nuestras mascotas, y en cada una de ellas proporcionarles la mejor alimentación, cuidados y cariños para que nuestros peludos tengan una vida plena a nuestro lado.
Si tu perro ya supera los 10 años (humano) de vida, a continuación, enlistamos 10 formas de llenar de energía a tu perro viejito. ¡Toma nota y actívate junto con él!
1. Alimentación
La clave para mantener a un perro sano a lo largo de su vida es la alimentación. Esto se vuelve especialmente importante en sus años de viejito pues sus necesidades de nutrición son diferentes y sus sistemas digestivos no son tan veloces y eficientes como en sus años mozos. Una dieta libre de granos puede ser de gran ayuda y si tu perro padece de alguna enfermedad, habla con tu veterinario para que te recomiende una dieta balanceada que mantenga a tu perro lleno de energía y bien nutrido. También puedes considerar incluir alguno de estos superalimentos en su dieta para mejorar su salud y estado de ánimo en general.
2. Suplementos
Hay algunos suplementos que le puedes dar a tu perro para darle más energía y ayudarlo a sentirse más joven. El aceite de coco hace maravillas por los perros viejitos porque además de darles un boost de energía, les ayuda en sus articulaciones para que tengan mejor movilidad. También puedes considerar la spriulina (una alga) que puedes conseguir en las tiendas naturistas o tiendas de vitaminas. La sprirulina les ayuda pues tiene altos niveles de beta caroteno, vitamina B y minerales y está compuesta por 60% de proteína vegetal. Además, es una bomba de antioxidantes que es justo lo que las células necesitan para mantenerse sanas y jóvenes, fortalece el sistema inmunológico y la salud del corazón. Sobre la dosis, si es cápsula, puedes darle una cada tercer día y si es en polvo, media cucharadita un día sí y un día no.



#182228423 / gettyimages.com

 

3. Baños de Sol 
Seguro te has fijado que tu perro (joven o viejo) ama tirarse al sol, como Palazuelos. Esto es porque el sol les ayuda a fijar el calcio en los huesos, les da energía y los hace sentir bien. Esto es especialmente importante en los perros viejitos que además (como los viejitos humanos) tienden a volverse friolentos. Dale un baño de sol a tu viejito todos los días para que se recargue y se sienta como nuevo.



#513712915 / gettyimages.com

 
4. Ejercicio
 
 El ejercicio es importante en todas las etapas de la vida de un perro. Mucha gente cree que porque son viejitos ya no deben de hacerlo y esto está mal. Los perros viejitos necesitan caminar para fomentar la movilidad de sus patas, para no oxidarse y para ver gente, perros y oler cosas. Eso los mantiene activos. Esto no quiere decir que te lo lleves a correr 10k's todos los días pero sí le puedes dedicar una caminata de 15-20 minutos dos veces al día.
 




#463875699 / gettyimages.com

 
5. Descanso 
 
Tu perro viejito necesita dormir más que antes. Dormir le hace bien porque es cuando su cuerpo repara cualquier cosa y así recarga pila. Te recomendamos que si tu perro duerme en el piso, pienses en comprarle una camita de perro o un tapete acolchonado pues sus articulaciones y huesos no son lo mismo que antes y es mejor que esté muy cómodo en una superficie más suave.
 

6. Masajes
 
Los perros viejitos se pueden beneficiar mucho de un sencillo masaje en sus patas o en el lomo. El masaje no debe ser fuerte, es más bien sólo para desentumir las articulaciones y los músculos. Haz movimientos circulares sin presión que ayudarán a que se sienta mucho mejor. Los masajes siempre deben hacerse con movimientos en el sentido de las manecillas del reloj (para seguir la circulación de la sangre al corazón) y si son en las patas o en la espalda, siempre van hacía arriba, llevando sangre al corazón.

 




#157308269 / gettyimages.com

 
7. Revisiones médicas
Tu perro viejito es más propenso a muchas enfermedades por lo que te recomendamos llevarlo al menos cada 6 meses a revisiones con el veterinario. También, si notas algo diferente o raro, como una bolita o que le cuesta trabajo hacer algo que normalmente hacía con facilidad, llévalo al doctor. Es mejor detectar cualquier problema a tiempo.
Perros tatuados, una polémica moda que divide opiniones
8. Manejo del dolor

No es lo mismo 7 años después. Cuando los perros son viejitos, como con los humanos, les empiezan a doler cosas que antes no eran un problema. Muchos perros empiezan a tener problemas con la cadera, con las articulaciones, con la espalda, etc. Es importante que estés pendiente de esto con tu perro para que sepas qué hacer y cómo tratar estos dolores para que no sufra. Muchas veces con un poco de sol y masaje se pueden sentir mucho mejor, otras veces el veterinario te puede recetar alguna medicina para alivianarlos.

 




#132264585 / gettyimages.com
 

 
9. Un hermanito
Una excelente manera de regresarles energía a los perros es con un hermanito. Hay muchas historias increíbles de perros viejitos que ya no salían de su camita ni por equivocación hasta que les trajeron un cachorro a casa y como por arte de magia, andaban corriendo juntos, jugando y comiendo mejor. Si tienes pensado tener otro perro, este es el mejor momento para traerlo a casa, será la mejor medicina para tu viejito.
10. Cariños y apapachos
Los perros viejitos necesitan mucho cariño y apapachos así que aprovecha cada que tengas un ratito libre para dedicárselo y recordarle lo mucho que lo quieres.

 


 
 Fuente: Instituto Perro
 
VIDEO:




",,https://de10.com.mx/vivir-bien/10-formas-de-llenar-de-energia-tu-perro-viejito
"
Culiacán.- La familia de la joven Tania Yareli “N” quien junto con otra mujer acompañaban al joven militar Jesús Alejandro N” a bordo de un vehículo Nissan, los cuales recibieron disparos del personal de guardia del cuartel del 42 Batallón de Infantería, con sede en la ciudad de Guamúchil, al confundirlos con agresores, solicita apoyo para atención médica.
Según la información que se dio a conocer la madrugada del sábado pasado, el personal de guardia del cuartel militar abrió fuego contra los ocupantes de un Nissan color rojo que a exceso de velocidad se enfiló a la entrada principal, cuyo conductor se encontraba en estado de ebriedad.
El conductor del vehículo, identificado como Jesús Alejandro “N” de 20 años de edad, miembro del Ejército y con domicilio en el mismo cuartel, y una de sus acompañantes de nombre Tania Yareli “N”, de 18 años, quien viajaba de copiloto y otra mujer, sin identificación en el asiento trasero, recibieron varios impactos, al estrellarse contra uno de los muros.
De acuerdo a los datos aportados, el personal de guardia del cuartel del 42 Batallón de Infantería dispararon sus armas al interpretar que por la velocidad del conductor se trataba de un ataque delictivo.
Jesús Alejandro “N” y Tania Yareli “N”, esta con domicilio en la colonia Morelos, recibieron varios impactos de bala en el cuerpo y rostro, por lo que fueron trasladados a un hospital para su atención, sobre el tercer pasajero, del sexo femenino, esta solo presentó leves golpes.
Los familiares de la joven, a través de redes sociales, solicitaron el apoyo económico para sufragar los gastos de la atención médica en el Hospital Militar de Mazatlán, en donde el reporte es que se encuentra grave, con un daño severo en uno de sus ojos.
Ellos señalan que los datos que han recopilado establecen que antes de llegar a las instalaciones militares, el vehículo en el que viajaban sufrió una la pinchadura de una de sus llantas y los frenos no funcionaron, por lo que Jesús Alejandro no logró controlar y se impactaron a gran velocidad contra uno de los muros de acceso.
La Subdelegación de la Fiscalía General de la República, que tomó conocimiento de los hechos y abrió una carpeta de investigación, mantiene silencio sobre los hechos en los que un elemento del Ejercito y una joven civil que lo acompañaba resultaron gravemente heridos, por disparos de los elementos de vigilancia del ejército.
afcl
",Militar presuntamente ebrio se impacta contra portón de cuartel y compañeros le disparan,https://www.eluniversal.com.mx/estados/militar-presuntamente-ebrio-se-impacta-contra-porton-de-cuartel-y-companeros-le-disparan
"



Miahuatlán de Porfirio Díaz.- Vito Irineo Jarquín tiene 83 años. Todos lo conocen como Marcelino, el nombre que le impuso el cura en su bautizo. Marcelino es mezcalero y trabaja en su pequeño palenque ubicado en el pueblo donde nació, La Pila, en Miahuatlán de Porfirio Díaz, un municipio de la Sierra Sur de Oaxaca.
 El primer acercamiento de Marcelino al mezcal fue cultivando la tierra. Aprendió a arar cuando tenía menos de 15 años, desde ese momento hasta hoy no ha parado de trabajar. Tuvo cuatro hijos, dos trabajan con él en la producción del mezcal, Silverio y Eleazar, quienes aprendieron de su padre todo lo que necesitan saber.
 Hoy, Silverio y Eleazar son la fuerza que mueve el palenque. Eleazar migró de joven a Estados Unidos y apoyó económicamente para consolidar y actualizar el palenque familiar, ahora está de regreso trabajando codo a codo con su papá y su hermano.
 Su fuerza es necesaria precisamente ahora, cuando la crisis económica derivada de la pandemia de Covid-19 ha derrumbado las ventas del mezcal y se necesitan de todos los brazos para repuntar el negocio familiar.
 Don Marcelino tiene 83 años y lidera un palenque que produce mezcal en La Pila, en Miahuatlán de Porfirio Díaz, un municipio de la Sierra Sur de Oaxaca.
 

“Tres meses pasamos sin vender ni un litro” cuenta Silverio mientras trabaja cortando maguey en el campo resguardado detrás de su cubrebocas.
 Los principales clientes de esta familia de mezcaleros se encuentran en Miahuatlán y las comunidades aledañas, fue por eso que los litros de mezcal dejaron de correr, pues en Oaxaca los pueblos blindaron sus accesos para no permitir la llegada del virus. 
 También lee: Barbacoa recibe duro golpe por la pandemia 
Aunque los cierres carreteros como medida de autoprotección no afectaron la producción de mezcal, sí complicaron que se pudiera mover el producto que nunca se dejó de destilar de la forma ancestral.
 “Aquí tenemos todo para trabajar, el agave, el palenque, todo. Los clientes fueron los que se apagaron. Las fiestas patronales, los cumpleaños y demás celebraciones se detuvieron, eso fue lo que más nos afectó, no se vendía nada” cuenta Silverio.
Según habitantes de la comunidad, antes de la pandemia la gente llegaba a comprar entre 20 y 50 litros de mezcal, pero ahora, quien se acerca puede pedir desde medio o un litro.

Pese al confinamiento social, la familia Jarquín no detuvo la producción de mezcal, aunque sus ventas bajaron.
 A pesar de las bajas ventas, estos tres hombres no han detenido la producción de mezcal, con la esperanza puesta en que pronto mejoren las ventas y que cuando exista una recuperación económica, ellos estén listos para vender.
 La esperanza de la familia no es infundada, pues de acuerdo con la Secretaría de Economía de Oaxaca, la industria mezcalera es una de las que más ha crecido en los últimos años, un 173% desde 2015, y la entidad concentra el 90% de la producción anual, que en 2019 se estimó en 7.1 millones de litros. De ellos 4.7 se envasaron para exportación y 80.3% de ese total es mezcal oaxaqueño.
 Ahora, pese a la pandemia, el mezcal mantiene un impulso importante que valúa la industria en 5 mil millones de pesos. Además, ha logrado frenar la migración, pues de ella dependen directamente 16 mil personas.
 El problema para los Jarquín es que no están afiliados a ninguna agrupación o cámara de mezcaleros, y por ello no han recibido ningún apoyo gubernamental. “Nos han ofrecido que entremos, para recibir apoyos, pero para eso se necesita pagar y como no tenemos suficiente maguey no podemos”, lamentan. 

Estos productores no pertenecen a ninguna cámara de mezcaleros, por lo que no recibieron apoyo gubernamental durante la pandemia.
 

Tradición de más de un siglo


Amanece en La Pila. Marcelino y sus hijos ya están al rededor del horno trabajando. Han esperado varios días para poder encenderlo, pues las constantes lluvias no lo han permitido, las piñas de maguey ya cortadas y listas esperan a un costado del horno.
 El horno, un gran hoyo en la tierra, está hecho especialmente para cocer el maguey, y éste en particular lleva más de cien años sirviendo a la familia Jarquín. 
 También lee: Restaurantes de lujo, los más golpeados por el confinamiento
“Mi abuelo hizo el horno, él ya producía mezcal aquí, nada en este horno ha cambiado, aquí jugábamos de niños a darle vueltas” recuerda Silverio.
El horno no ha cambiado y la manera en la que estos mezcaleros producen la bebida tampoco. El proceso es completamente tradicional, desde la siembra de los magueyes, su crianza y el corte, basándose en las fases de la luna, respetando el conocimiento tradicional.
“Tenemos que cortar el maguey en luna creciente, la sazón del maguey es mejor, también su producción, es el punto. Esa es la tradición que tenemos, le tenemos fe al conocimiento de antes” relata Silverio. 

Los principales clientes de esta familia se encuentran en Miahuatlán y comunidades aledañas. Antes vendían hasta 50 litros; hoy, sólo uno.
  

Mientras el sol comienza a subir, Eleazar y Silverio llenan el horno de leña. Lo hacen de una manera especial que permite que se caliente de manera uniforme. Mientras, Marcelino ajusta una antorcha en una vara larga y puntiaguda. Encendido el horno, el humo se hace presente inundando todo el espacio, la gran humareda se puede mirar desde lejos.
 Eleazar coloca las piedras que se calentarán con el fuego y mantendrán el calor para cocer el maguey. Lo hace con destreza, soportando la espesa cortina de humo que impide la visibilidad y mengua la respiración.
 El horno permanecerá encendido aproximadamente ocho horas, horas de incertidumbre pues las nubes están presentes y puede comenzar a llover en cualquier momento.
 El humo del horno se convierte en una señal, poco a poco vecinos y amigos comienzan a llegar al palenque de los Jarquín para ayudar a cerrar el horno, trabajo que requiere de precisión y velocidad; mientras más personas ayuden es mejor.  
 El proceso de producción de la bebida es tradicional, pues esperan la luna creciente para cortar el maguey.
 

Entre los habitantes de La pila es común ayudarse, ya sea en la siembra, el corte de maguey o en el cerrado del horno. “Casi no hay trabajadores y los pocos que hay quieren ganar mucho y no sale, por eso mejor nos ayudamos entre vecinos,” explican. 
 También lee: Librerías independientes sortean la crisis

También el trueque es una forma de sobrellevar la crisis económica, y en La Pila lo practican con cotidianidad. “Si no hay dinero le dices a alguien, necesito leña, ¿quieres, te doy mezcal por esa leña? Y se ajusta, cambiamos lo que sea, un chivo, gallinas, guajolotes por mezcal”. 
 El horno de la familia tiene 100 años de antigüedad, fue hecho por el abuelo de Eleazar y Silverio, quien también hacía mezcal.
 

Para lidiar con la crisis que viven, los familiares más jóvenes de la familia Jarquín han ideado una página de Facebook y han nombrado a su mezcal “Sangre de Maguey”, buscando en las redes sociales una alternativa para la venta de su mezcal artesanal. Y la fuerza para que esta pandemia no los venza. 
 Para meter las piñas de maguey al horno, los hermanos reciben ayuda de los vecinos, pues no tienen dinero para trabajadores
",“Pasamos meses sin vender ni un litro de mezcal”,http://www.eluniversal.com.mx/estados/pasamos-meses-sin-vender-ni-un-litro-de-mezcal
"
Con un Kawhi Leonard brillante, Los Angeles Clippers eliminaron este domingo a los Dallas Mavericks al vencerlos 111-97, ganaron la serie 4-2, clasificando a una de las semifinales de la Conferencia Oeste de la temporada de la NBA.
Kawhi, aportó 14 rebotes, en una jornada en la que terminó con 33 puntos, sumando el quinto juego consecutivo en el que anota más de 30 tantos. El gran momento del jugador fue escoltado ofensivamente por el pívot bosnio Ivica Zubac, con 15 puntos y 11 rebotes, y Paul George también con 15 unidades, nueve capturas y siete asistencias.
Por su rival, como siempre, destacó el esloveno Luka Doncic que acarició el ´triple-doble´, al terminar con 38 puntos, nueve rebotes y nueve servicios para anotación.
Los Clippers se fueron al descanso intermedio al frente 57-51 y al término del tercero se iban arriba por 85-74.
Por su parte, Doncic coronó una magnífica primera postemporada con sus 38 puntos, incluso sin su compañero de equipo Kristaps Porzingis (lesionado).
Los segundos cabezas de serie de la Conferencia Oeste se medirán ahora en las semifinales con el ganador del duelo entre los Denver Nuggets y los Utah Jazz, que favorece a los últimos por 3-2.
",Los Clippers eliminan a los Mavericks y avanzan a las semifinales,https://www.eluniversal.com.mx/universal-deportes/mas-deportes/los-clippers-eliminan-los-mavericks-y-avanzan-las-semifinales
"
Entre vehículos blindados, maquinaria para asfalto, pipas, drones y balones de futbol el Instituto para Devolver al Pueblo lo Robado, INDEP, obtuvo 22 millones 964 mil pesos en la Sexta Subasta con Sentido Social del año, cuyos recursos recaudados serán destinados en apoyo al sector Salud.
El director general del INDEP, Jaime Cárdenas Gracia, señaló que el Instituto continuará llevando a cabo las subastas, pues con los recursos obtenidos se están respaldando programas sociales.
“A pesar de la pandemia de Covid-19, que ha cobrado más de 60 mil vidas, de la crisis económica en la que nos encontramos, nunca antes vista en la historia de nuestro país, según el secretario de Hacienda desde 1929, quiero decirles que la vida sigue y una prueba de ello es su presencia en esta subasta, pues en la economía de mercado, esto significa que no todo está perdido y que podemos seguir manteniendo nuestro espíritu en alto”, indicó el funcionario en su mensaje de apertura.   
La subasta realizada este domingo 30 de agosto en el Complejo Cultural Los Pinos, se llevó a cabo en cerca de cuatro horas y tenía como objetivo rematar 250 lotes con un precio inicial de 19.7 millones de pesos, donde 46 lotes no recibieron ninguna oferta y 204 lograron colocarse por encima de las ofertas iniciales.
El lote mejor ofertado fue el marcado con el número 17, correspondiente a una máquina compactadora para aplanar asfalto que logró alcanzar un precio de un millón 30 mil pesos, siendo su precio de salida de 697 mil pesos.
En tanto, el lote de 526 mini drones se remató en 142 mil 500 pesos cuando su precio inicial fue de 46 mil 900 pesos. Además, el remate integrado por dos mil 280 balones de fútbol alcanzó un monto de 265 mil pesos, cuando su precio base fue de 122 mil 500.
Con respecto a los remates de vehículo el Audi A4, Modelo 2018, alcanzó un monto de 370 mil pesos; el Acura RDX, 2018, en 320 mil; el Mercedes Benz E250, 2014, en 300 mil; y la camioneta Dodge Durango, 2015, en 217 mil 500;
La oferta más reñida fue por un Jeep Wrangler, 2003, donde dos interesados hicieron que el vehículo alcanzara los 350 mil pesos.
Por otra parte, sobre el remate de vehículos pesados el lote 26 que consistía en un vehículo tipo camión pipa marca Kenworth fue el que se vendió en mayor precio alcanzando los 77 mil 500 pesos. Y el auto de menor precio vendido en la subasta correspondió a un Mazda MPV  por seis mil 600 pesos.     
La ambulancia anunciada en uno de los lotes marca Mercedes Benz Sprinter, modelo 2014 por la cual el INDEP pedía como precio inicial 886 mil 700 pesos quedó desierta, es decir, ningún comprador hizo una oferta alguna.
Cabe mencionar, que durante la subasta, se presentaron algunas fallas técnicas durante la transmisión a través de la red social YouTube, por lo cual los seguidores por esta vía no apreciaron la puja de 11 lotes (del 26 al 36) correspondientes a una serie de vehículos no aptos para matricular. Ante este impedimento el Instituto se comprometió a dar a conocer la información de los automotores así como el resultado del remate.
La directora Corporativa de Comercialización y Mercadotecnia del INDEP, Ana Lilia Cuevas, fue la encargada de anunciar el monto total de los remates y reiteró que a partir del 3 de septiembre próximo se reanudarán las subastas electrónicas, las cuales se anunciarán en el sitio web del Instituto.
rmlgv/nv
",Subasta del INDEP obtiene 22 millones 964 mil pesos; se destinarán para sector salud,https://www.eluniversal.com.mx/nacion/subasta-del-indep-obtiene-22-millones-964-mil-pesos-se-destinaran-para-sector-salud
"

A dos meses de la salida de quien fuera su titular, la Comisión Nacional de Atención Víctimas (CEAV) sigue sin cabeza y acumulando rezago en su labor de procurar la reparación integral de los perjudicados.

La Ley General de Víctimas entró en vigor hace siete años, pero los afectados por delitos y violaciones a derechos humanos incrementan ante los ojos del Sistema Nacional de Atención a Víctimas (SNAV) y la Comisión Ejecutiva de Atención (CEAV), y se suman con el rezago de años anteriores, lo que ha vuelto la atención más lenta y revictimizante para los perjudicados.

Hay omisiones y una falta de coordinación en las instituciones para cumplir con sus obligaciones, lo que ha conllevado a que la CEAV enfrente 453 juicios de amparo. La falta de respuesta en pronunciarse respecto a las reparaciones integrales por delitos y violaciones de derechos humanos se debe, en parte, a la sobrecarga de trabajo que han presentado las instituciones encargadas de brindar atención a víctimas.

“En México una violación grave a derechos humanos dejó de ser la excepción y empezó a ser la cotidianidad, y cuando las atrocidades son tu normalidad muchas veces no te da la capacidad económica para poder responder a todos los estándares de reparación”, refiere la directiva de Justicia Transicional en México, Daniela Malpica Neri.
 También lee: Desaparecieron mil 493 personas de marzo a julio de este año

La ley ordena, el SNAV coordina y la CEAV ejecuta. La comisión ha asumido la atención de las víctimas en la mayoría de los aspectos. “La CEAV por sí sola no puede suplir al sistema nacional ni llevar a cabo sus funciones”, comenta un miembro de la Asamblea Consultiva.

Entre 2015 y 2019 los asuntos atendidos aumentaron, en promedio, 238% anualmente; sin embargo, lo asignado en el Presupuesto de Egresos de la Federación para el Fondo de Ayuda, Asistencia y Reparación Integral no presentó incremento alguno, lo cual obstaculizó la atención para las víctimas, según el Anteproyecto de Presupuesto 2021 de la Junta de Gobierno de la CEAV.

La comisión tiene a su cargo el Registro Nacional de Víctimas (Renavi), que tenía 34 mil 215 personas inscritas y recibe 500 solicitudes al mes, refiere el informe de junio sobre la situación general de la institución.

Algunas víctimas llevan años en espera de entrar en el registro, pero por devolución de documentos o porque falta el reconocimiento de la calidad de víctima ante una autoridad competente se ha negado la inscripción. Un ejemplo es el caso de Morelia, Michoacán, del 15 de septiembre de 2008, que tardó cuatro años en lograr su ingreso en el Renavi.
 También lee: Reparten más de 200 millones de pesos a búsqueda de desaparecidos

Miembros de colectivos de familiares de búsqueda de personas desaparecidas denuncian que aunque ya cuentan con la inscripción en el Renavi, presentan retrasos en la entrega de las medidas que les corresponden, tiempo que varía entre meses y años.

La activista mexicana y coordinadora de la Red Eslabones por los Derechos Humanos, Valentina Peralta, plantea que no se han brindado los recursos suficientes para que se establezca una base de datos real sobre víctimas que pueda vincular información.

“Tenemos un Frankenstein de datos de personas víctimas de distintos estados y la Federación, que llegan con todas las anomalías. Lo que tenemos ahora o es una simulación o realmente no han observado con detenimiento la magnitud del compromiso que el estado tiene con las víctimas”.

En una junta de gobierno de la CEAV, el subsecretario de Derechos Humanos, Alejandro Encinas, mencionó: “El Renavi, más que burocratizado, ha tenido una enorme carga nacional”.
 También lee: En México hay más de 73 mil personas desaparecidas: Segob

En 2019 se benefició a 6 mil 97 víctimas por la aplicación del Fondo de Ayuda, Asistencia y Reparación Integral. Los delitos y violaciones a derechos humanos más frecuentes en el país son el homicidio, el secuestro, desaparición y desaparición forzada, pero sólo 20% de las víctimas registradas han solicitado acceder a los recursos del fondo de ayuda, asistencia y reparación integral.

Respecto a la reparación integral, hay un rezago en la emisión de más de 3 mil 682 solicitudes, que por ley incluyen en su mayoría compensaciones económicas y que no han sido cubiertas en años anteriores. Ese atraso significa un alza paulatina en la cifra de amparos y se suma a la revictimización por la que pasan los afectados con las instituciones.

Aun con los intentos por dar respuestas a la masividad de víctimas, la comisión no ha resuelto con prontitud las solicitudes.

“El Sistema Nacional de Atención a Víctimas es responsable, una parte de él es la CEAV, que es quien opera los servicios de atención, pero no tiene las condiciones. Es un modelo totalmente aspiracional, pero la circunstancia victimal es una realidad cotidiana y cada minuto se amplía”, dice la activista Peralta.

“ El problema en México es que con 98% de impunidad en los casos no hay quien responda por la violación, por ende, entra de manera subsidiaria el Estado a responder; le ha costado trabajo poder entender esto”, comenta Malpica. Una respuesta pronta y justa para las víctimas, dice, tiene como propósito la reconstrucción del tejido social y crear confianza en las instituciones.
",Comisión de Víctimas sigue rezagada y sin cabeza,http://www.eluniversal.com.mx/nacion/comision-de-victimas-sigue-rezagada-y-sin-cabeza
"
Ahora que está escribiendo su libro de vivencias, el cual espera terminar en los próximos meses, José María Napoleón descubrió por qué no recibió ningún voto en España cuando representó a México en 1977 en la OTI.
Aquel hecho, relata, le dolió profundamente, aunque ahora se siente más tranquilo.
""Ya sé qué provocó que 'Hombre' no tuviera ni un sólo voto en Madrid, España"", comenta consternado.
""Me tardé muchos años, me tardé cuarenta y tantos en saber por qué nadie votó por México. Yo me sentía culpabilísimo; cuando llegué a México quería esconder el rabo entre las patas como un perrito golpeado"", señala. 
También lee: Napoleón le canta a la vida pese a las lecciones duras de la pandemia
A la vez, recuerda que cuando pisó su país, pese a sus temores fue recibido en el aeropuerto por una multitud que ya lo esperaba. 
Para el cantante se trató de una derrota que fue provocada y de la que aún no puede dar detalles, pues esta historia llegará a sus seguidores cuando publique el libro que piensa acompañar con el lanzamiento de un álbum.
""No quiero encontrar culpables, no son culpables ficticios, no es algo que yo inventé, no es algo que yo inventé, es algo que se provocó y entonces sí me dolió mucho saberlo cuarenta y tantos años después del festival. Me ha dolido como no tienen idea"". 
También lee: Napoleón prefiere sus historias a lápiz
El cantante pensó incluso que moriría sin encontrar respuestas a un tema que fue como ""una espina en el ojo"". 
""Quiero terminar el libro en un par de meses cuando mucho y ver si encuentro una editorial para que me lo publique y acompañarlo con un disco que estoy haciendo de 10 canciones"", cuenta.

Toma cuidados ante el Covid-19

El músico ganador del Grammy por su excelencia artística relata que se cuida normalmente y sin exageraciones en cuanto al tema del Covid-19, sobre todo por ser una persona mayor (cumplió recientemente 72 años). Al llevar siempre un vida sana en la que no toma ni fuma señala que no tiene temores.
""Estoy perfectamente sabiendo que estoy sólo de paso y espero que no pase nada que me lleve antes de tiempo, antes de que la mano de Dios me diga hasta aquí llegaste"", explica.
""Estamos sólo de paso, hay que tenerlo presente. De todo lo que tenemos lo más seguro es la muerte así que cuando llegue habrá de llegar sin avisar como siempre"".
nrv
","A más de 40 años de la OTI, Napoleón descubre ""culpable"" de su fracaso",https://www.eluniversal.com.mx/espectaculos/mas-de-40-anos-de-la-oti-napoleon-descubre-culpable-de-su-fracaso
"

Existen distintos tipos de democracias o modelos que convergen en un tronco común: la toma de decisiones sobre la vida de la colectividad. Durante muchos años la clase política en México ha tomado decisiones de gran envergadura sin consultar a los ciudadanos, es decir, nuestros representantes han decidido por nosotros en asuntos que no necesariamente nos benefician, sino lo contrario, nos comprometen por muchos años, como la emisión de deuda pública o privilegiar gastos faraónicos para ellos mismos.

Los distintos modelos de democracia privilegian algunos aspectos más que otros.

Por ejemplo, unos están a favor de que los ciudadanos participen más (democracia participativa), y otros, de que lo hagan por medio de sus representantes (democracia representativa).

El modelo representativo en el que, se alegaba, los representantes del pueblo sólo veían por sus grupos políticos, es decir, sus partidos, dio pauta a que la ciudadanía se involucrara en asuntos públicos. El 1 de julio de 2018 salimos a las urnas a votar —la mayoría para elegir un cambio— y reflejó, digámoslo así, un tsunami de hartazgo a ese modelo que referí en el primer párrafo, llegando a sumar más de 30 millones de votos a favor de un candidato.

Ante la crisis de representación llegamos a la arena de la participación en la que comenzó la época, justamente, de la nueva democracia participativa.

Gradualmente los ciudadanos hemos encontrado canales para hacernos visibles en la vida pública.

Me refiero a la democracia participativa y a su vinculación con el republicanismo.

El republicanismo contemporáneo puede dividirse en dos grandes grupos:

“En ambos modelos se subraya la importancia primordial de la deliberación como principio que ha de regir el proceso político decisorio, pero, mientras el primer grupo continúa defendiendo el principio de la representación política y las estructuras representativas por considerarlas normativamente deseables, el segundo grupo apela al ideal de la democracia clásica (el gobierno del pueblo y por el pueblo en su sentido literal) para postular que, al menos en términos ideales, las decisiones políticas debieran ser adoptadas por todos los ciudadanos y no sólo por sus representantes electos.” (Marco Vinicio Agulló Pastor, Republicanismo y democracia liberal. Una crítica del pensamiento político republicano, Madrid, España, Centro de Estudios Políticos y Constitucionales, 2016, p.25).

De lo anterior, puedo advertir que el gobierno de Andrés Manuel López Obrador va por el segundo modelo, el ideal de la Grecia antigua y, más enfático, a que las decisiones políticas debieran ser adoptadas por la mayoría de los ciudadanos.

Ahora bien, el Presidente ha planteado un ejercicio participativo con la consulta para iniciar juicio a los expresidentes Carlos Salinas de Gortari, Ernesto Zedillo Ponce de León, Vicente Fox Quesada, Felipe Calderón Hinojosa y Enrique Peña Nieto; incluso una encuesta de esta casa editorial (EL UNIVERSAL) da cuenta que la mayoría de la población quiere llevar ante la justicia a los exmandatarios.

Este planteamiento tiene que analizarse desde diversos aspectos, uno de ellos la democracia participativa. Habrá un tema jurídico debatible pero el Presidente está tomando en cuenta a la ciudadanía que saldrá sin duda a las urnas a ratificar su hartazgo contra el virus de la corrupción, que valga la pena señalar que en el sexenio pasado fue epidémico y sistemático, pues tan solo basta repasar el penoso caso de Emilio Lozoya Austin quien ahogó a Petróleos Mexicanos en las aguas profundas de la corrupción y comprometió su rentabilidad financiera. Por ello, el ejercicio ciudadano que ha convocado el presidente Andrés Manuel López Obrador convierte a los ciudadanos en un jurado, con independencia de que su momento lleguen o no a un juzgador. Para el Presidente lo relevante en este momento es el veredicto ciudadano.
Abogado y activista, maestro en Ciencias Penales. @UlrichRichterM

 
",,http://www.eluniversal.com.mx/opinion/ulrich-richter/democracia-y-los-expresidentes
"
Hubo un tiempo, durante la Guerra Fría, en que las derechas mexicanas usaban con liberalidad la expresión “el oro de Moscú” para explicar (e implicar) la razón de ser del Partido Comunista Mexicano y otras pequeñas organizaciones de izquierda. El financiamiento del comunismo soviético era lo que, desde la derecha, descifraba la persistencia de “ideas exóticas”, ajenas a un México que había llevado a cabo “la primera revolución social del siglo XX”.
Ahora, en la era de la globalización y lejos de la Guerra Fría, efectivamente hay oro externo para los partidos mexicanos, puede llegar de cualquier parte y no por razones ideológicas sino de negocios. Puede provenir, por ejemplo, de Brasil, y aterrizar en las arcas del PRI, como ocurrió en 2012, vía una empresa transnacional con sede en Sao Paulo -Odebrecht S.A.- y que apoyó a Enrique Peña Nieto no por razones ideológicas sino para que le permitiera luego extraer del sector público mucho más oro del que invirtió en los cohechos iniciales.
En México y en muchos otros países, los partidos políticos han buscado recursos y otros apoyos dentro y fuera de las fronteras nacionales. A inicios del siglo XIX las logias masónicas fueron proto partidos que sirvieron para organizar a la naciente clase política mexicana, reflejaron visiones encontradas respecto del proyecto para la nueva nación y buscaron respaldo interno y externo: la logia yorquina giró en torno al enviado norteamericano, Joel R. Poinsett, y las corrientes conservadoras, agrupadas en la logia escocesa, buscaron el apoyo de los empresarios españoles que se quedaron en México. Pronto, liberales y conservadores desecharon el novedoso camino electoral como medio para alcanzar y conservar el poder y optaron por el de los pronunciamientos y finalmente por el de la acción directa. Ambos recurrieron a apoyos tanto dentro como fuera del país -en Estados Unidos unos y en Europa otros. Cuando los liberales se impusieron, las elecciones siguieron sin tener importancia, de ahí la dictadura de Porfirio Díaz. Al caer Díaz en 1911 el derecho a gobernar lo volvieron a decidir las armas.
Ya entrado el siglo XX y relativamente pacificado el país, las elecciones sin contenido se hicieron rutina. Para administrarlas se dio forma a un partido de Estado que finalmente devino en el PRI y al que nunca le faltaron recursos que directa o indirectamente provinieron de las arcas públicas, de sus organizaciones sindicales y de grupos de interés privados que buscaban favores del gobierno.
Al concluir el siglo pasado, la evolución social y cultural del país aunada a los cambios en el sistema de poder internacional forzaron al autoritarismo mexicano a evolucionar y poco a poco el campo electoral adquirió vida real. El marco legal supuso que el flujo principal de los recursos para la competencia electoral dentro y entre los partidos deberían ser públicos, pero rigurosamente vigilados. Sin embargo, ese marco fue sistemáticamente violado y si bien las elecciones de las tres últimas décadas ya han sido efectivamente competidas, sus resultados han sido desvirtuados por fraudes y carretadas de dinero ilegal.
Hoy están exponiéndose y debatiéndose ferozmente en los medios y en tribunales dos casos contrastantes de dineros entregados a partidos: los millones de dólares dados por Odebrecht para la campaña presidencial priista de 2012 según la denuncia presentada ante la Fiscalía General de la República por Emilio Lozoya Austin ex director de PEMEX, y un video de 2015 donde Pío López Obrador, el hermano del presidente, recibe un paquete con dinero para contribuir a apoyar las actividades de un recién formado partido de oposición, MORENA, que sería el principal rival -y verdugo- del PRI. El que los montos en ambos casos no sean ni remotamente comparables, no quiere decir que no urja investigar a fondo, con rigor, a ambos.
Para el presidente Andrés Manuel López Obrador, empeñado en una lucha intensa, a fondo, contra el enorme abanico de la corrupción pública mexicana, es imprescindible que se esclarezca el caso que involucra no sólo a su partido sino a su hermano. Sólo así se logrará transformar lo que hoy es un golpe duro al proyecto presidencial, pues se le presenta como un triunfo del pasado –“la corrupción somos todos”- sobre el futuro, en un ejemplo del esfuerzo por acabar con un mal que históricamente ha carcomido a la vida pública mexicana.
[email protected]
",,http://www.eluniversal.com.mx/opinion/lorenzo-meyer/el-oro-y-los-partidos
"
Científicos de la Escuela de Medicina de Wake Forest (Estados Unidos) han realizado una revisión de los datos preclínicos publicados sobre la actividad hormonal específica del sexo, especialmente el estrógeno.
El estudio, publicado en la revista Current Hypertension Reports, apunta que el estrógeno puede disminuir la gravedad de los síntomas de Covid-19 en las mujeres.
""Sabemos que el coronavirus afecta al corazón y sabemos que el estrógeno protege contra las enfermedades cardiovasculares en las mujeres, así que la explicación más probable parece ser las diferencias hormonales entre los sexos"", explica la autora principal de la revisión, Leanne Groban.
El estudio publicado indica que la enzima convertidora de angiotensina 2 (ACE2), que se adhiere a las membranas celulares del corazón, las arterias, los riñones y los intestinos, es el receptor celular del coronavirus responsable de las infecciones por Covid-19, y ayuda a llevar el virus a las células de esos sistemas de órganos.
También lee: Suman más de 25 millones de casos de Covid-19 en el mundo
La revisión también señaló que el estrógeno reduce el nivel de ACE2 en el corazón, lo que puede modular la gravedad de la Covid-19 en las mujeres. Por el contrario, los niveles más altos de ACE2 en los tejidos podrían explicar por qué los síntomas son peores en los hombres que en las mujeres.
""Esperamos que nuestra revisión sobre el papel de las hormonas estrogénicas en la expresión y regulación de la ECA2 pueda explicar las diferencias de género en la infección por Covid-19 y sus resultados, y que sirva de guía para el tratamiento actual y el desarrollo de nuevas terapias"", concluye Groban.
nrv
",Mujeres sufren menos el Covid-19 por su hormona sexual: estudio,https://www.eluniversal.com.mx/ciencia-y-salud/hormona-sexual-disminuiria-gravedad-del-covid-19-en-las-mujeres
